# H29 / Plasma 6.7.5 / Sid, read-only inventory 2026-09-28; not a full rootfs lock
adaptation-hybris-api32	30+git20231209180948.637bdeb.next.production
adaptation-hybris-api32-phone	30+git20231209180948.637bdeb.next.production
adaptation-hybris-common	30+git20231209180948.637bdeb.next.production
adaptation-hybris-phone	30+git20231209180948.637bdeb.next.production
adaptation-motorola-eqs	0.1.0
adaptation-motorola-eqs-configs	0.1.0
android-base-files	11+git20240823200557.5b0eb62.next.production
android-base-passwd	11+git20240823200557.5b0eb62.next.production
android-system-gsi-32	12.1.0+r47.20240116.droidian.3+git20240115232606.68a0c91.trixie.production
apt-transport-droidian	3.0.0+git20250427210415.0d0c12d.next.production
audiosystem-passthrough	1.3.0-1+droidian1+git20240519112654.f49813c.next.production
bluebinder	1.0.17-3+z1+git20240301003136.cec1d04.next.production
callaudiod	0.1.10-1+droidian0+git20240913222020.65b1bbd.next.production
droidian-apt-config	69+git20240612100631.3a7582d.next.production
droidian-base	92+git20250906141148.bd66cb3.101.updates
droidian-camera	16+z1.1+git20240608103441.a0b51cd.next.production
droidian-encryption-service	0.1.6+git20240519093113.be757da.next.production
droidian-fpd	6+git20240911202627.1f6d739.next.production
droidian-plamo-wf-full	92+git20250906141148.bd66cb3.101.updates
droidian-quirks-api32	99+git20250906084444.f574a22.next.production
droidian-quirks-appvisibility	99+git20250906084444.f574a22.next.production
droidian-quirks-device	99+git20250906084444.f574a22.next.production
droidian-quirks-firefox	99+git20250906084444.f574a22.next.production
droidian-quirks-hostname	99+git20250906084444.f574a22.next.production
droidian-quirks-hybris-gl	99+git20250906084444.f574a22.next.production
droidian-quirks-journald-standard	99+git20250906084444.f574a22.next.production
droidian-quirks-plamo-wf	99+git20250906084444.f574a22.next.production
droidian-quirks-qt-force-gles	99+git20250906084444.f574a22.next.production
droidian-quirks-systemd	99+git20250906084444.f574a22.next.production
droidian-quirks-tls-padding	99+git20250906084444.f574a22.next.production
droidian-quirks-waydroid	99+git20250906084444.f574a22.next.production
droidian-quirks-wayland	99+git20250906084444.f574a22.next.production
droidian-quirks-writable-image	99+git20250906084444.f574a22.next.production
droidian-quirks-xtables-legacy	99+git20250906084444.f574a22.next.production
droidian-release	13.0+git20251123235014.22b5a79.101.updates
eqs-kscreen-qscreen	6.7.4-0+eqs2
feedbackd	0.8.1+git20250612140128.e0364d3.next.upgrade.0.8
feedbackd-common	0.8.1+git20250612140128.e0364d3.next.upgrade.0.8
flash-bootimage	9+git20250907132616.d1ba067.101.updates
flashlightd	14+z1+git20240115204036.f8c6297.next.production
flatpak-extension-gl-hybris	0.0.5.53-1+droidian0+z5+git20250520205628.99bb609.next.production
flatpak-extension-gl-hybris-droidian-workarounds	22+git20250120213942.b5ab6eb.next.production
flatpak-extension-gl-hybris-tls-padding	22+git20250120213942.b5ab6eb.next.production
flatpak-hybris	6+git20250320225817.7500285.next.production
fpd-unlock	0.1+git20240729155427.0f12c8f.next.production
geoclue-2.0	2.7.1-2+droidian1+git20250406031325.214af16.next.2.7.2
gir1.2-geoclue-2.0	2.7.1-2+droidian1+git20250406031325.214af16.next.2.7.2
gir1.2-glib-2.0	2.84.3-1~git20250817230525.e40033e.next.pidfd
gir1.2-gtk-3.0	3.24.49-1~git20250502211501.402f247.next.upgrade.3.24
gstreamer1.0-droid	0.20221003.0-1+z1+git20240518154021.946765b.next.production
gtk-update-icon-cache	4.18.4+ds-1~git20250427170338.ac56553.next.droidian.4.18
hadess-sensorfw-proxy	0.2.1+git20250215143745.309fff0.next.production
halium-wrappers	22+git20250120213942.b5ab6eb.next.production
headphone-manager	0.2.2+git20260304150742.de6d081.101.updates
initramfs-tools	0.148.3
initramfs-tools-bin	0.148.3
initramfs-tools-core	0.148.3
libandroid-properties1	0.0.5.53-1+droidian0+z5+git20250520205628.99bb609.next.production
libbatterycontrol6	4:6.7.5-0+eqs1~pre1
libcallaudio-0-1	0.1.10-1+droidian0+git20240913222020.65b1bbd.next.production
libcolorcorrect6	4:6.3.4-1~git20250502212128.c41cc1c.next.upgrade.6.3
libdroid-0-1	0.2.1+git20250823202157.87e22ff.next.production
libdroid-common	0.2.1+git20250823202157.87e22ff.next.production
libdroid-hal	0.2.1+git20250823202157.87e22ff.next.production
libdroid-hal-lights	0.2.1+git20250823202157.87e22ff.next.production
libdroidian-workarounds	22+git20250120213942.b5ab6eb.next.production
libegl-mesa0	25.0.7-2
libfeedback-0.0-0	0.8.1+git20250612140128.e0364d3.next.upgrade.0.8
libgbinder	1.1.33-1+z1+git20230705004442.5dcc692.next.production
libgbinder-radio	1.5.5-1+z1+git20230705004724.3e126ac.next.production
libgbinder-tools	1.1.33-1+z1+git20230705004442.5dcc692.next.production
libgbm1	25.0.7-2
libgeoclue-2-0	2.7.1-2+droidian1+git20250406031325.214af16.next.2.7.2
libgl1-mesa-dri	25.0.7-2
libglib2.0-0t64	2.84.3-1~git20250817230525.e40033e.next.pidfd
libglib2.0-bin	2.84.3-1~git20250817230525.e40033e.next.pidfd
libglib2.0-data	2.84.3-1~git20250817230525.e40033e.next.pidfd
libglibutil	1.0.70-1+z2+git20230705035128.7a94699.next.production
libglx-mesa0	25.0.7-2
libgmobile-common	0.4.0+git20250821213049.c081b4d.next.upgrade.0.4
libgmobile0	0.4.0+git20250821213049.c081b4d.next.upgrade.0.4
libgstreamer-plugins-bad1.0-0	1.26.2-1~git20250607095845.7b6a585.next.workaround.disable.uvch264
libgtk-3-0t64	3.24.49-1~git20250502211501.402f247.next.upgrade.3.24
libgtk-3-common	3.24.49-1~git20250502211501.402f247.next.upgrade.3.24
libgtk-4-1	4.18.4+ds-1~git20250427170338.ac56553.next.droidian.4.18
libgtk-4-common	4.18.4+ds-1~git20250427170338.ac56553.next.droidian.4.18
libhardware2	0.0.5.53-1+droidian0+z5+git20250520205628.99bb609.next.production
libhybris	0.0.5.53-1+droidian0+z5+git20250520205628.99bb609.next.production
libhybris-common1	0.0.5.53-1+droidian0+z5+git20250520205628.99bb609.next.production+eqs1~glibc243
libhybris-utils	0.0.5.53-1+droidian0+z5+git20250520205628.99bb609.next.production
libinput-bin	1.31.3-1~git20260730003504.ddf4ffc.next.libinput.axis
libinput-tools	1.31.3-1~git20260730003504.ddf4ffc.next.libinput.axis
libinput10	1.31.3-1~git20260730003504.ddf4ffc.next.libinput.axis
libkf6screen8	4:6.7.4-1
libkf6screendpms8	4:6.7.4-1
libkfontinst6	4:6.7.5-0+eqs1~pre1
libkfontinstui6	4:6.7.5-0+eqs1~pre1
libklipper6	4:6.7.5-0+eqs1~pre1
libklookandfeel6	4:6.7.5-0+eqs1~pre1
libkmpris6	4:6.7.5-0+eqs1~pre1
libkscreen-bin	4:6.7.4-1
libkscreen-data	4:6.7.4-1
libkworkspace6-6	4:6.7.5-0+eqs1~pre1
liblxc-common	1:6.0.4-4+b3
liblxc1t64	1:6.0.4-4+b3
libmaliit-plugins2	2.3.0-5+b1+droidian0+z2+git20260410150344.8f64f68.next.production
libmedia1	0.0.5.53-1+droidian0+z5+git20250520205628.99bb609.next.production
libmtpserver1	8+git20240802124857.2b0f798.next.production
libncicore	1.1.20-2+z2+git20230702013644.e0a572c.next.production
libnciplugin	1.1.0-3+z2+git20230702020609.24f1a4a.next.production
libnm0	1.52.0-1~git20250318020406.3c6ae12.next.wwan.fix
libnotificationmanager1	4:6.7.5-0+eqs1~pre1
libnss-myhostname	257.7-1~git20250817224341.71c3e2c.next.upgrade.257
libnss-systemd	257.7-1~git20250817224341.71c3e2c.next.upgrade.257
libofonobinderpluginext	1.1.15-1+droidian3+git20250215144459.828e0a0.next.production
libpam-systemd	257.7-1~git20250817224341.71c3e2c.next.upgrade.257
libplymouth5	0.9.5-3+droidian6+git20250126230703.4ad4e4a.next.production
libpulse-mainloop-glib0	14.2-2+droidian4+git20250504201345.dc4fdb8.next.production
libpulse0	14.2-2+droidian4+git20250504201345.dc4fdb8.next.production
libpulsedsp	14.2-2+droidian4+git20250504201345.dc4fdb8.next.production
libqt5core5t64	5.15.15+dfsg-6
libqt5dbus5t64	5.15.15+dfsg-6
libqt5gui5-gles	5.15.15+dfsg-2
libqt5network5t64	5.15.15+dfsg-6
libqt5printsupport5t64	5.15.15+dfsg-6
libqt5qml5	5.15.15+dfsg-3
libqt5qmlmodels5	5.15.15+dfsg-3
libqt5qmlworkerscript5	5.15.15+dfsg-3
libqt5quick5-gles	5.15.15+dfsg-2
libqt5waylandclient5	5.15.15-3
libqt5waylandcompositor5	5.15.15-3
libqt5widgets5t64	5.15.15+dfsg-6
libqt6concurrent6	6.10.2+dfsg-16
libqt6core6t64	6.10.2+dfsg-16
libqt6dbus6	6.10.2+dfsg-16
libqt6gui6-gles	6.10.2+dfsg-16+git20260818173520.42aed1f.next.gles
libqt6labsplatform6	6.10.2+dfsg-6
libqt6network6	6.10.2+dfsg-16
libqt6opengl6	6.10.2+dfsg-16
libqt6openglwidgets6	6.10.2+dfsg-16
libqt6printsupport6	6.10.2+dfsg-16
libqt6qml6	6.10.2+dfsg-6
libqt6qmlmeta6	6.10.2+dfsg-6
libqt6qmlmodels6	6.10.2+dfsg-6
libqt6qmlworkerscript6	6.10.2+dfsg-6
libqt6quick6	6.10.2+dfsg-6
libqt6quickcontrols2-6	6.10.2+dfsg-6
libqt6quickshapes6	6.10.2+dfsg-6
libqt6quicktemplates2-6	6.10.2+dfsg-6
libqt6quickwidgets6	6.10.2+dfsg-6
libqt6sql6	6.10.2+dfsg-16
libqt6sql6-sqlite	6.10.2+dfsg-16
libqt6waylandclient6	6.10.2+dfsg-16
libqt6waylandcompositor6	6.10.2-5
libqt6widgets6	6.10.2+dfsg-16
libqt6wlshellintegration6	6.10.2+dfsg-16
libqt6xml6	6.10.2+dfsg-16
libsensorfw-qt5-hybris	0.14.8-1+droidian1+git20250414130959.feafda8.next.production
libsensorfw-qt5-plugins	0.14.8-1+droidian1+git20250414130959.feafda8.next.production
libsensorfw-qt6-configs	0.14.8-1+droidian1+git20250414130959.feafda8.next.production
libsensorfw-qt6-hybris	0.14.8-1+droidian1+git20250414130959.feafda8.next.production
libsensorfw-qt6-plugins	0.14.8-1+droidian1+git20250414130959.feafda8.next.production
libsystemd-shared	257.7-1~git20250817224341.71c3e2c.next.upgrade.257
libsystemd0	257.7-1~git20250817224341.71c3e2c.next.upgrade.257
libtaskmanager6	4:6.7.5-0+eqs1~pre1
libtls-padding0	22+git20250120213942.b5ab6eb.next.production
libudev1	257.7-1~git20250817224341.71c3e2c.next.upgrade.257
libwf-config1	0.9.0-1~git20250414195238.2584132.next.upgrade.0.9.0
libwf-utils0t64	0.9.0-1~git20250414195238.2584132.next.upgrade.0.9.0
libwlroots12a	0.17.4-1~git20250516211552.bbe45e2.next.backport.0.18
libwspcodec	2.2.6-1+z1+git20230705034726.82f1250.next.production
linux-bootimage-motorola-eqs	5.10.209+git20240821.bd42a1bb-1~eqsdev1
linux-image-motorola-eqs	5.10.209+git20240821.bd42a1bb-1~eqsdev1
lxc	1:6.0.4-4+b3
lxc-android	1:39+git20250906140358.64f9b2f.101.updates
maliit-framework	2.3.0-5+b1+droidian0+z2+git20260410150344.8f64f68.next.production
maliit-keyboard	2.3.1-6+b1+droidian1+git20250414213256.6e6a89f.next.production
mesa-libgallium	25.0.7-2
mesa-vulkan-drivers	25.0.7-2
mobile-power-saver	0.9.7-1+droidian0+git20250812201936.477f4f6.next.production
mtp-server	8+git20240802124857.2b0f798.next.production
nemo-gstreamer1.0-interfaces	0.20200911.0-1+upgrade12+z1+git20230625193237.6c361bc.next.production
network-manager	1.52.0-1~git20250318020406.3c6ae12.next.wwan.fix
nfcd	2+z1+git20230703010420.cde1dcd.next.production
nfcd-binder-plugin	1.1.9-2+git20230702040304.81e7c48.trixie.production
ofono	1.29+git11-2+git20250411210553.fa3683a.next.production
ofono-binder-plugin	1.1.15-1+droidian3+git20250215144459.828e0a0.next.production
ofono-configs-binder-common	6+git20240519134542.0014ddc.next.production
ofono-scripts	1.29+git11-2+git20250411210553.fa3683a.next.production
ofono2mm	1.1.0+git20250215144254.0c3d65f.next.production
parse-android-dynparts	0.0.0+git20210414-5+z1+git20240101144557.b776ff2.next.production
plasma-dialer	6.3.3-1~git20250323163642.064ca15.next.upgrade.6.3
plasma-mobile-wf	6.7.5-0+eqs1~pre2
plasma-mobile-wf-config-hwcomposer	6.3.3-1~git20250414214107.69444e6.next.upgrade.6.3
plasma-workspace	4:6.7.5-0+eqs1~pre1
plasma-workspace-data	4:6.7.5-0+eqs1~pre1
plymouth	0.9.5-3+droidian6+git20250126230703.4ad4e4a.next.production
plymouth-label	0.9.5-3+droidian6+git20250126230703.4ad4e4a.next.production
plymouth-theme-droidian	2+upgrade12+git20211120224717.1925721.bookworm.production
pulseaudio	14.2-2+droidian4+git20250504201345.dc4fdb8.next.production
pulseaudio-config-droid	11+git20250504201441.9b0e052.next.production
pulseaudio-module-bluetooth	14.2-2+droidian4+git20250504201345.dc4fdb8.next.production
pulseaudio-modules-droid-hidl	1.4.0-1+git20220228002517.8fd0da4.bookworm.production
pulseaudio-modules-droid-modern	14.2.103-1+droidian0+git20240829212213.935726a.next.production
pulseaudio-utils	14.2-2+droidian4+git20250504201345.dc4fdb8.next.production
python3-dbus-next	0.2.3-1+git20230913164642.cd4befe.trixie.production
python3-gbinder	1.1.2-2+droidian0+git20250204220811.afd7ac7.next.production
qml-module-qt-labs-folderlistmodel	5.15.15+dfsg-3
qml-module-qt-labs-settings	5.15.15+dfsg-3
qml-module-qtquick-layouts	5.15.15+dfsg-3
qml-module-qtquick-window2	5.15.15+dfsg-3
qml-module-qtquick2	5.15.15+dfsg-3
qml6-module-org-kde-breeze-components	4:6.7.5-0+eqs1~pre1
qml6-module-org-kde-notificationmanager	4:6.7.5-0+eqs1~pre1
qml6-module-org-kde-plasma-clock	4:6.7.5-0+eqs1~pre1
qml6-module-org-kde-plasma-lookandfeel	4:6.7.5-0+eqs1~pre1
qml6-module-org-kde-plasma-workspace	4:6.7.5-0+eqs1~pre1
qml6-module-org-kde-taskmanager	4:6.7.5-0+eqs1~pre1
qml6-module-qt-labs-animation	6.10.2+dfsg-6
qml6-module-qt-labs-folderlistmodel	6.10.2+dfsg-6
qml6-module-qt-labs-platform	6.10.2+dfsg-6
qml6-module-qt-labs-qmlmodels	6.10.2+dfsg-6
qml6-module-qt-labs-settings	6.10.2+dfsg-6
qml6-module-qtcore	6.10.2+dfsg-6
qml6-module-qtqml	6.10.2+dfsg-6
qml6-module-qtqml-models	6.10.2+dfsg-6
qml6-module-qtqml-workerscript	6.10.2+dfsg-6
qml6-module-qtquick	6.10.2+dfsg-6
qml6-module-qtquick-controls	6.10.2+dfsg-6
qml6-module-qtquick-dialogs	6.10.2+dfsg-6
qml6-module-qtquick-effects	6.10.2+dfsg-6
qml6-module-qtquick-layouts	6.10.2+dfsg-6
qml6-module-qtquick-localstorage	6.10.2+dfsg-6
qml6-module-qtquick-shapes	6.10.2+dfsg-6
qml6-module-qtquick-templates	6.10.2+dfsg-6
qml6-module-qtquick-tooling	6.10.2+dfsg-6
qml6-module-qtquick-window	6.10.2+dfsg-6
qt5-cameraplugin-aal	0.5.1.2+git20240914232829.8f90435.next.production
qt5-text-input-v3	5.15.3+z1+git20240815120825.eba9264.next.production
qt6-text-input-v3	6.10+git20260410130352.4bdaf4f.next.production
qt6-wayland	6.10.2-5
qtpaths6	6.10.2+dfsg-16
qtpaths6-bin	6.10.2+dfsg-16
qtwayland5	5.15.15-3
runonce	5+git20241110162603.e0f704d.next.production
sensorfw-qt6	0.14.8-1+droidian1+git20250414130959.feafda8.next.production
systemd	257.7-1~git20250817224341.71c3e2c.next.upgrade.257
systemd-resolved	257.7-1~git20250817224341.71c3e2c.next.upgrade.257
systemd-sysv	257.7-1~git20250817224341.71c3e2c.next.upgrade.257
systemd-timesyncd	257.7-1~git20250817224341.71c3e2c.next.upgrade.257
timekeeper	20200103-3+upgrade12+git20210414225114.3c2c963.bookworm.production
udev	257.7-1~git20250817224341.71c3e2c.next.upgrade.257
udev-config-hybris	1+upgrade12+git20210323234202.d5693b7.bookworm.production
waydroid	1.5.4-1+git20250824231602.c5380c1.next.production
waydroid-sensors	0.2.0-2+git20230705033645.211ae23.trixie.production
waydroid-system-custom	2+git20231006194425.823b006.trixie.production
waydroid-vendor-33	13.0.0+lineage20250809+git20250824233201.fe6e10a.next.production
wayfire	0.9.0-1~git20250414195238.2584132.next.upgrade.0.9.0
