accountsservice	23.13.9-8+b2
adaptation-hybris-api32	30+git20231209180948.637bdeb.next.production
adaptation-hybris-api32-phone	30+git20231209180948.637bdeb.next.production
adaptation-hybris-common	30+git20231209180948.637bdeb.next.production
adaptation-hybris-phone	30+git20231209180948.637bdeb.next.production
adaptation-motorola-eqs	0.1.0
adaptation-motorola-eqs-configs	0.1.0
adduser	3.159
adwaita-icon-theme	51.0-1
aglfn	1.7+git20191031.4036a9c-2
alsa-utils	1.2.16-1
analitza-common	4:26.04.0-1
android-base-files	11+git20240823200557.5b0eb62.next.production
android-base-passwd	11+git20240823200557.5b0eb62.next.production
android-system-gsi-32	12.1.0+r47.20240116.droidian.3+git20240115232606.68a0c91.trixie.production
ant	1.10.18-1
ant-optional	1.10.18-1
antlr	2.7.7+dfsg-14
apg	2.2.3.dfsg.1-8
appstream	1.2.0-2
apt	3.3.3
apt-config-icons	1.2.0-2
apt-transport-droidian	3.0.0+git20250427210415.0d0c12d.next.production
apt-utils	3.3.3
ark	4:26.08.1-1
at-spi2-common	2.62.0-2
audiosystem-passthrough	1.3.0-1+droidian1+git20240519112654.f49813c.next.production
baloo6	6.28.0-1
base-files	14.2
base-passwd	3.6.8+b1
bash	5.3-4
bash-completion	1:2.16.0-8
bat	0.26.1+ds-1
bc	1.07.1-4+b2
bindfs	1.18.4-0.1
binutils	2.47-6
binutils-aarch64-linux-gnu	2.47-6
binutils-common	2.47-6
blt	2.5.3+dfsg-10
bluebinder	1.0.17-3+z1+git20240301003136.cec1d04.next.production
bluedevil	4:6.3.4-2
bluetooth	5.87-3
bluez	5.87-3
bluez-obexd	5.87-3
bmon	1:5.0-1
breeze	4:6.3.5-1
breeze-cursor-theme	4:6.3.5-1
breeze-gtk-theme	6.7.4-1
breeze-icon-theme	4:6.30.0-1
breeze-wallpaper	4:6.3.5-1
bsdextrautils	2.42.4-1
bsdutils	1:2.42.4-1
bubblewrap	0.13.0-1
build-essential	12.12
bwidget	1.10.1-5
byobu	5.133-1.1
bzip2	1.0.8-6+b2
ca-certificates	20260816
ca-certificates-java	20260311
calindori	26.04.3-1
callaudiod	0.1.10-1+droidian0+git20240913222020.65b1bbd.next.production
ccze	0.2.1-8+b3
chromium	154.0.8037.57-1
chromium-common	154.0.8037.57-1
chromium-l10n	154.0.8037.57-1
cmatrix	2.0-6+b2
code	1.139.1-1790309508
console-data	2:1.12-11
console-setup	1.249
console-setup-linux	1.249
coreutils	9.10-1
cpio	2.15+dfsg-2.1
cpp	4:16.1.0-3
cpp-14	14.4.0-2
cpp-14-aarch64-linux-gnu	14.4.0-2
cpp-16	16.2.0-3
cpp-16-aarch64-linux-gnu	16.2.0-3
cpp-aarch64-linux-gnu	4:16.1.0-3
cryptsetup	2:2.8.8-1
cryptsetup-bin	2:2.8.8-1
cups	2.4.18-1
cups-client	2.4.18-1
cups-common	2.4.18-1
cups-core-drivers	2.4.18-1
cups-daemon	2.4.18-1
cups-filters	1.28.17-7+b3
cups-filters-core-drivers	1.28.17-7+b3
cups-ipp-utils	2.4.18-1
cups-ppdc	2.4.18-1
cups-server-common	2.4.18-1
curl	8.23.0~rc1-2
dash	0.5.12-12+b1
dbus	1.16.2-5+b1
dbus-bin	1.16.2-5+b1
dbus-daemon	1.16.2-5+b1
dbus-session-bus-common	1.16.2-5
dbus-system-bus-common	1.16.2-5
dbus-user-session	1.16.2-5+b1
dconf-gsettings-backend	51.0-2
dconf-service	51.0-2
debconf	1.5.92
debian-archive-keyring	2025.1
debianutils	5.24
default-jre	2:1.25-77
default-jre-headless	2:1.25-77
desktop-base	14.0.0~pre3
desktop-file-utils	0.28-1+b1
dialog	1.3-20260107-2
dictionaries-common	1.31.4
diffutils	1:3.12-1+b1
dirmngr	2.4.9-7+b1
dmeventd	2:1.02.205-2+b2
dmsetup	2:1.02.205-2+b2
dnsmasq-base	2.93-3
docbook-xsl	1.79.2+dfsg-8
dolphin	4:26.04.0-1
dolphin-data	4:26.04.0-1
dpkg	1.23.11
dpkg-dev	1.23.11
dracut-install	112-6
drkonqi	6.7.4-1
droidian-apt-config	69+git20240612100631.3a7582d.next.production
droidian-archive-keyring	2025.01.06+git20250106145953.b4c3a11.next.production
droidian-base	92+git20250906141148.bd66cb3.101.updates
droidian-branding	13.0.5+git20250504204014.3e26aba.next.production
droidian-camera	16+z1.1+git20240608103441.a0b51cd.next.production
droidian-encryption-service	0.1.6+git20240519093113.be757da.next.production
droidian-fpd	6+git20240911202627.1f6d739.next.production
droidian-plamo-wf-full	92+git20250906141148.bd66cb3.101.updates
droidian-quirks-api32	99+git20250906084444.f574a22.next.production
droidian-quirks-appvisibility	99+git20250906084444.f574a22.next.production
droidian-quirks-device	99+git20250906084444.f574a22.next.production
droidian-quirks-firefox	99+git20250906084444.f574a22.next.production
droidian-quirks-hostname	99+git20250906084444.f574a22.next.production
droidian-quirks-hybris-gl	99+git20250906084444.f574a22.next.production
droidian-quirks-journald-standard	99+git20250906084444.f574a22.next.production
droidian-quirks-plamo-wf	99+git20250906084444.f574a22.next.production
droidian-quirks-qt-force-gles	99+git20250906084444.f574a22.next.production
droidian-quirks-systemd	99+git20250906084444.f574a22.next.production
droidian-quirks-tls-padding	99+git20250906084444.f574a22.next.production
droidian-quirks-waydroid	99+git20250906084444.f574a22.next.production
droidian-quirks-wayland	99+git20250906084444.f574a22.next.production
droidian-quirks-writable-image	99+git20250906084444.f574a22.next.production
droidian-quirks-xtables-legacy	99+git20250906084444.f574a22.next.production
droidian-release	13.0+git20251123235014.22b5a79.101.updates
e2fsprogs	1.47.4-1+b1
elfutils	0.196-1
elisa	25.04.2-1
emacsen-common	3.0.8
eqs-kscreen-qscreen	6.7.4-0+eqs2
ethtool	1:7.1-1
evolution-data-server-common	3.56.2-9
f2fs-tools	1.16.0-2+b2
fastfetch	2.67.1+dfsg-1
fd-find	10.5.0-1
feedbackd	0.8.1+git20250612140128.e0364d3.next.upgrade.0.8
feedbackd-common	0.8.1+git20250612140128.e0364d3.next.upgrade.0.8
file	1:5.47-4
findutils	4.11.0-2
firefox	156.0-1
firefox-l10n-es-ar	156.0-1
firefox-mobile-config	4.3.2-2+git20250401182515.4693c77.next.firefox
fish	4.9.3-1
fish-common	4.9.3-1
flash-bootimage	9+git20250907132616.d1ba067.101.updates
flashlightd	14+z1+git20240115204036.f8c6297.next.production
flatpak	1.18.3-1
flatpak-extension-gl-hybris	0.0.5.53-1+droidian0+z5+git20250520205628.99bb609.next.production
flatpak-extension-gl-hybris-droidian-workarounds	22+git20250120213942.b5ab6eb.next.production
flatpak-extension-gl-hybris-tls-padding	22+git20250120213942.b5ab6eb.next.production
flatpak-hybris	6+git20250320225817.7500285.next.production
fontconfig	2.17.1-5
fontconfig-config	2.17.1-5
fonts-crosextra-carlito	20230309-2
fonts-dejavu	2.37-9
fonts-dejavu-core	2.37-9
fonts-dejavu-extra	2.37-9
fonts-dejavu-mono	2.37-9
fonts-font-awesome	7.3.0+dfsg-1
fonts-font-awesome-legacy	6-3
fonts-glyphicons-halflings	1.009~3.4.1+dfsg-7
fonts-liberation	1:2.1.5-3
fonts-libertinus	7.051+ds1-3
fonts-lyx	2.5.3-1
fonts-mathjax	2.7.9+dfsg-1
fonts-noto	20201225-6
fonts-noto-cjk	1:20240730+repack1-1
fonts-noto-color-emoji	2.051-1
fonts-noto-core	20201225-6
fonts-noto-mono	20201225-6
fonts-quicksand	0.2016-2.1
fonts-urw-base35	20200910-9
fop	1:2.10+dfsg1-1
fpd-unlock	0.1+git20240729155427.0f12c8f.next.production
frameworkintegration6	6.13.0-2
fuse	3.18.3-1
fuse3	3.18.3-1
fzf	0.74.4-1
g++	4:16.1.0-3
g++-14	14.4.0-2
g++-14-aarch64-linux-gnu	14.4.0-2
g++-16	16.2.0-3
g++-16-aarch64-linux-gnu	16.2.0-3
g++-aarch64-linux-gnu	4:16.1.0-3
gawk	1:5.3.2-1+b1
gcc	4:16.1.0-3
gcc-14	14.4.0-2
gcc-14-aarch64-linux-gnu	14.4.0-2
gcc-14-base	14.4.0-2
gcc-16	16.2.0-3
gcc-16-aarch64-linux-gnu	16.2.0-3
gcc-16-base	16.2.0-3
gcc-aarch64-linux-gnu	4:16.1.0-3
gdb	18.1-1
geoclue-2.0	2.7.1-2+droidian1+git20250406031325.214af16.next.2.7.2
gettext-base	1.0-5
ghostscript	10.08.0~dfsg-2
ghostty	1.3.1-0~ppa2
gir1.2-atk-1.0	2.62.0-2
gir1.2-freedesktop	1.86.0-6+b2
gir1.2-gdkpixbuf-2.0	2.44.8+dfsg-1
gir1.2-geoclue-2.0	2.7.1-2+droidian1+git20250406031325.214af16.next.2.7.2
gir1.2-girepository-2.0	1.86.0-6+b2
gir1.2-glib-2.0	2.84.3-1~git20250817230525.e40033e.next.pidfd
gir1.2-gtk-3.0	3.24.49-1~git20250502211501.402f247.next.upgrade.3.24
gir1.2-harfbuzz-0.0	12.3.2-2+b2
gir1.2-pango-1.0	1.58.0-1
git	1:2.55.0-1
git-man	1:2.55.0-1
glib-networking	2.90.0-2
glib-networking-common	2.90.0-2
glib-networking-services	2.90.0-2
glycin-loaders	2.2.1+ds-2
glycin-thumbnailers	2.2.1+ds-2
gnupg	2.4.9-7
gnupg-l10n	2.4.9-7
gnuplot-data	6.0.3+dfsg1-1
gnuplot-qt	6.0.3+dfsg1-1+b1
gpg	2.4.9-7+b1
gpg-agent	2.4.9-7+b1
gpgconf	2.4.9-7+b1
gpgsm	2.4.9-7+b1
grep	3.12-1+b1
grim	1.5.0+ds-1
groff-base	1.24.1-1
gsettings-desktop-schemas	51.0-2
gstreamer1.0-droid	0.20221003.0-1+z1+git20240518154021.946765b.next.production
gstreamer1.0-libav	1.28.7-1
gstreamer1.0-plugins-base	1.28.7-1
gstreamer1.0-plugins-good	1.28.7-1+b1
gstreamer1.0-plugins-ugly	1.28.7-1
gtk-update-icon-cache	4.18.4+ds-1~git20250427170338.ac56553.next.droidian.4.18
gtk2-engines-pixbuf	2.24.33-10+b1
gzip	1.14-1
hadess-sensorfw-proxy	0.2.1+git20250215143745.309fff0.next.production
halium-wrappers	22+git20250120213942.b5ab6eb.next.production
headphone-manager	0.2.2+git20260304150742.de6d081.101.updates
hicolor-icon-theme	0.18-2
hollywood	1.25-2
hostname	3.25+b1
htop	3.5.3-1
hunspell-en-us	1:2020.12.07-4
hunspell-es	1:26.8.0.3-1
hwdata	0.411-1
ibverbs-providers	65.0-1
iio-sensor-proxy	3.9-1
init-system-helpers	1.69+nmu3
initramfs-tools	0.148.3
initramfs-tools-bin	0.148.3
initramfs-tools-core	0.148.3
iproute2	7.2.0-1
iptables	1.8.13-1
iputils-ping	3:20250605-1+b1
iso-codes	4.20.1-1
iw	6.17-1+b1
java-common	0.77
java-wrappers	0.5
javahelp2	2.0.05.ds1-10
junit	3.8.2-10
junit4	4.13.2-6
kactivitymanagerd	6.7.4-1
kalgebra-common	4:25.04.0-1
kalgebramobile	4:25.04.0-1
kalk	25.04.0-1
kate	4:26.04.0-1
kate-data	4:26.04.0-1
kbd	2.9.0-1+b1
kcalc	4:26.04.0-1
kclock	26.04.0-1
kde-cli-tools	4:6.7.4-1
kde-cli-tools-data	4:6.7.4-1
kde-config-gtk-style	4:6.7.4-1
kde-config-gtk-style-preview	4:6.7.4-1
kde-style-breeze	4:6.3.5-1
kde-style-breeze-data	4:6.3.5-1
kded6	6.13.0-1
keyboard-configuration	1.249
kf6-breeze-icon-theme	4:6.30.0-1
kglobalacceld	6.7.4-1
kio-extras	4:26.04.0-1+b1
kio-extras-data	4:26.04.0-1
kio-fuse	5.1.1-1
kio6	6.28.0-1
kirigami-addons-data	1.12.0-1
klibc-utils	2.0.14-1+b2
kmod	34.2-2+b2
knighttime	6.7.4-1
ksystemstats	6.7.4-1
kwallet6	6.28.0-1
kwayland6-data	4:6.7.4-1
kweather	25.04.3-1
kwin-common	4:6.7.4-1
kwin-data	4:6.7.4-1
kwin-style-breeze	4:6.3.5-1
kwin-wayland	4:6.7.4-1
layer-shell-qt	6.7.4-1
less	668-1+b1
liba52-0.7.4	0.7.4-22+b1
libaa1	1.4p5-51.1+b2
libabsl20240722	20240722.0-4
libabsl20260526	20260526.0-2+b1
libaccounts-glib0	1.27-3+b1
libaccounts-qt6-1	1.17-4+b2
libaccountsservice0	23.13.9-8+b2
libacl1	2.4.0-1
libactivation-java	1.2.0-2
libadwaita-1-0	1.7.6-1
libaec0	1.1.7-1
libaio1t64	0.3.113-9
libamd-comgr3	7.0.2+dfsg-3
libamd3	1:7.14.1+dfsg-1
libamdhip64-6	6.4.3-5
libanalitza9	4:25.04.0-1
libanalitzagui9	4:25.04.0-1
libanalitzaplot9	4:25.04.0-1
libandroid-properties1	0.0.5.53-1+droidian0+z5+git20250520205628.99bb609.next.production
libantlr-java	2.7.7+dfsg-14
libaom3	3.14.1-1
libaopalliance-java	20070526-7
libapache-pom-java	33-2
libapparmor1	4.1.8-2
libappimage1.0abi1t64	1.0.4-5-7+b1
libappstream5	1.2.0-2
libappstreamqt3	1.2.0-2
libapt-pkg7.0	3.3.3
libarchive13t64	3.8.9-1
libargon2-1	0~20190702+dfsg-6
libargs4j-java	2.37-1
libaribb24-0t64	1.0.3-3+b1
libarpack2t64	3.9.1-6+b2
libasan8	16.2.0-3
libasm-java	9.10.1-1
libasm1t64	0.196-1
libasound2-data	1.2.16.1-1
libasound2-plugins	1.2.12-2.1
libasound2t64	1.2.16.1-1
libaspell15	0.60.8.2-3+b1
libass9	1:0.17.5-1
libassuan9	3.0.2-2+b2
libasyncns0	0.8-8
libatasmart4	0.19-6+b2
libatinject-jsr330-api-java	1.0+ds1-6
libatk-bridge2.0-0t64	2.62.0-2
libatk1.0-0t64	2.62.0-2
libatomic1	16.2.0-3
libatopology2t64	1.2.16.1-1
libatspi2.0-0t64	2.62.0-2
libattr1	1:2.6.0-1
libaudit-common	1:4.2.1-1
libaudit1	1:4.2.1-1
libavahi-client3	0.8-18
libavahi-common-data	0.8-18
libavahi-common3	0.8-18
libavahi-glib1	0.8-18
libavalon-framework-java	4.2.0+ds-1
libavc1394-0	0.5.4-6
libavcodec61	7:7.1.5-0+deb13u1
libavcodec62	7:8.1.2-2+b3
libavcodec63	7:9.0.2-1
libavfilter10	7:7.1.5-0+deb13u1
libavfilter11	7:8.1.2-2+b3
libavfilter12	7:9.0.2-1
libavformat61	7:7.1.5-0+deb13u1
libavformat62	7:8.1.2-2+b3
libavformat63	7:9.0.2-1
libavif16	1.4.2-1
libavutil59	7:7.1.5-0+deb13u1
libavutil60	7:8.1.2-2+b3
libavutil61	7:9.0.2-1
libayatana-appindicator3-1	0.5.94-1.1
libayatana-ido3-0.4-0	0.10.4-1.1
libayatana-indicator3-7	0.9.4-2.1
libb2-1	0.98.1-1.1+b3
libbabeltrace1	1.5.11-6+b1
libbatik-java	1.19-2
libbatterycontrol6	4:6.7.5-0+eqs1~pre1
libbcpkix-java	1.80-3
libbcprov-java	1.80-3
libbcutil-java	1.80-3
libbinutils	2.47-6
libblas3	3.12.1-8
libblkid1	2.42.4-1
libblockdev-crypto3	3.5.0-2
libblockdev-fs3	3.5.0-2
libblockdev-loop3	3.5.0-2
libblockdev-mdraid3	3.5.0-2
libblockdev-nvme3	3.5.0-2
libblockdev-part3	3.5.0-2
libblockdev-smart3	3.5.0-2
libblockdev-swap3	3.5.0-2
libblockdev-utils3	3.5.0-2
libblockdev3	3.5.0-2
libbluetooth3	5.87-3
libbluray2	1:1.3.4-1+b2
libbluray4	1:1.5.0-3
libboost-filesystem1.83.0	1.83.0-4.2
libboost-filesystem1.90.0	1.90.0-6.1+b1
libboost-thread1.83.0	1.83.0-4.2
libbpf1	1:1.7.0-1
libbrotli1	1.2.0-4+b1
libbs2b0	3.1.0+dfsg-8+b2
libbsd0	0.12.2-3
libbtf2	1:7.14.1+dfsg-1
libbytesize-common	2.12-3
libbytesize1	2.12-3
libbz2-1.0	1.0.8-6+b2
libc-bin	2.43-6
libc-dev-bin	2.43-6
libc-gconv-modules-extra	2.43-6
libc-l10n	2.43-6
libc6	2.43-6
libc6-dev	2.43-6
libcaca0	0.99.beta20-8
libcairo-gobject2	1.18.4-3+b1
libcairo-script-interpreter2	1.18.4-3+b1
libcairo2	1.18.4-3+b1
libcallaudio-0-1	0.1.10-1+droidian0+git20240913222020.65b1bbd.next.production
libcamd3	1:7.14.1+dfsg-1
libcamel-1.2-64t64	3.56.2-9
libcanberra-pulse	0.30-20+b1
libcanberra0	0.30-20+b1
libcap-ng0	0.9.6-1
libcap2	1:2.78-1+b1
libcap2-bin	1:2.78-1+b1
libcares2	1.34.8-1
libcbor0.10	0.10.2-2.2
libcc1-0	16.2.0-3
libccolamd3	1:7.14.1+dfsg-1
libcddb2	1.3.2-7.1+b1
libcdi-api-java	1.2-4
libcdio19t64	2.2.0-4.1
libcdparanoia0	3.10.2+debian-14+b2
libchewing3	0.13.1-1
libchewing3-data	0.13.1-1
libcholmod5	1:7.14.1+dfsg-1
libchromaprint1	1.6.1-1+b1
libcjson1	1.7.19-2+b1
libclang-common-21-dev	1:21.1.8-13
libcloudproviders0	0.4.1-1
libcodec2-1.2	1.2.0-5
libcodemodel-java	2.6+jaxb2.3.0.1-11
libcolamd3	1:7.14.1+dfsg-1
libcolorcorrect6	4:6.3.4-1~git20250502212128.c41cc1c.next.upgrade.6.3
libcolord2	1.4.8-3
libcom-err2	1.47.4-1+b1
libcommons-cli-java	1.6.0-1
libcommons-codec-java	1.22.1-1
libcommons-compress-java	1.27.1-2
libcommons-io-java	2.22.0-1
libcommons-lang3-java	3.20.0-1
libcommons-logging-java	1.3.0-2
libcommons-parent-java	56-1
libcomposefs1	1.0.8-3
libconfig++11	1.7.3-2.1+b1
libconfig++15	1.8.2+ds-1
libconfuse-common	3.4-1
libconfuse2	3.4-1
libcpuinfo0	0.0~git20250905.877328f-1+b1
libcrypt-dev	1:4.5.2+20251210-1
libcrypt1	1:4.5.2+20251210-1
libcryptsetup12	2:2.8.8-1
libctf-nobfd0	2.47-6
libctf0	2.47-6
libcups2t64	2.4.18-1
libcupsfilters1t64	1.28.17-7+b3
libcurl3t64-gnutls	8.23.0~rc1-2
libcurl4-gnutls	8.23.0~rc1-2
libcurl4t64	8.23.0~rc1-2
libcxsparse4	1:7.14.1+dfsg-1
libdatrie1	0.2.14-2
libdav1d7	1.5.4-1
libdb5.3t64	5.3.28+dfsg2-11+b1
libdbus-1-3	1.16.2-5+b1
libdbusmenu-glib4	18.10.20180917~bzr492+repack1-4+b2
libdbusmenu-gtk3-4	18.10.20180917~bzr492+repack1-4+b2
libdc1394-25	2.2.6-6+b2
libdconf1	51.0-2
libddcutil5	2.2.7-1
libde265-0	1.1.3-1+b1
libdebconfclient0	0.283
libdebuginfod-common	0.196-1
libdebuginfod1t64	0.196-1
libdecor-0-0	0.2.5-1+b1
libdeflate0	1.25-1
libdeviceinfo0	0.2.4-3+b1
libdevmapper-event1.02.1	2:1.02.205-2+b2
libdevmapper1.02.1	2:1.02.205-2+b2
libdialog15	1.3-20260107-2
libdisplay-info2	0.2.0-2
libdisplay-info3	0.3.0-1+b1
libdmtx0t64	0.7.8-1.1
libdnnl3.6	3.12.1+ds-3
libdolphinvcs6	4:26.04.0-1
libdom4j-java	2.1.4-1
libdouble-conversion3	3.4.0-1+b1
libdpkg-perl	1.23.11
libdrm-amdgpu1	2.4.134-3
libdrm-common	2.4.134-3
libdrm2	2.4.134-3
libdroid-0-1	0.2.1+git20250823202157.87e22ff.next.production
libdroid-common	0.2.1+git20250823202157.87e22ff.next.production
libdroid-hal	0.2.1+git20250823202157.87e22ff.next.production
libdroid-hal-lights	0.2.1+git20250823202157.87e22ff.next.production
libdroidian-workarounds	22+git20250120213942.b5ab6eb.next.production
libdtd-parser-java	1.2-1
libduktape207	2.7.0-2+b3
libdv4t64	1.0.0-18
libdvbpsi10	1.3.3-2
libdvdnav4	7.0.0-2+b1
libdvdread8t64	7.1.1-1
libdw1t64	0.196-1
libebackend-1.2-11t64	3.56.2-9
libebml5	1.4.7-2
libebook-1.2-21t64	3.56.2-9
libebook-contacts-1.2-4t64	3.56.2-9
libebur128-1	1.2.6-2+b2
libeclipse-jdt-core-compiler-batch-java	3.36.0+eclipse4.30-2
libeclipse-jdt-core-java	3.36.0+eclipse4.30-2
libedata-book-1.2-27t64	3.56.2-9
libedataserver-1.2-27t64	3.56.2-9
libedit2	3.1-20260512-1
libeditorconfig0	0.12.10+~0.17.1-3+b1
libegl-mesa0	25.0.7-2
libegl1	1.7.0-3+b1
libei1	1.5.0-3+b1
libeis1	1.5.0-3+b1
libelf1t64	0.196-1
libenchant-2-2	2.8.16+dfsg-4
libepoxy0	1.5.10-2+b2
libepub0	0.2.2-8
liberror-perl	0.17030-1
liberror-prone-java	2.18.0-1
libesmtp6	1.1.0-3.2+b2
libevdev2	1.13.7+dfsg-1
libevent-2.1-7t64	2.1.13-stable-1
libevent-core-2.1-7t64	2.1.13-stable-1
libevent-pthreads-2.1-7t64	2.1.13-stable-1
libexif12	0.6.26-1
libexiv2-28	0.28.9+dfsg-1
libexiv2-data	0.28.9+dfsg-1
libexpat1	2.8.4-2
libext2fs2t64	1.47.4-1+b1
libfaad2	2.11.3-1
libfabric1	2.1.0-1.1+b2
libfastinfoset-java	1.2.12-4
libfdisk1	2.42.4-1
libfeedback-0.0-0	0.8.1+git20250612140128.e0364d3.next.upgrade.0.8
libffado2	2.5.0-5+b1
libffi8	3.8.0-2
libfftw3-double3	3.3.11-1
libfftw3-single3	3.3.11-1
libfido2-1	1.17.0-2
libflac14	1.5.0+ds-5+b1
libflatpak0	1.18.3-1
libflexdock-java	1.2.5-1
libflite1	2.2-7+b2
libfltk-gl1.3t64	1.3.11-3+b1
libfltk-gl1.4	1.4.4-4
libfltk1.3t64	1.3.11-3+b1
libfltk1.4	1.4.4-4
libfontbox2-java	2.0.29-1
libfontconfig1	2.17.1-5
libfontembed1t64	1.28.17-7+b3
libfontenc1	1:1.1.8-1+b3
libfop-java	1:2.10+dfsg1-1
libfreehep-graphics2d-java	2.4+dfsg-3
libfreehep-graphicsio-emf-java	2.4+dfsg-3
libfreehep-graphicsio-java	2.4+dfsg-3
libfreehep-io-java	2.0.2-7
libfreehep-util-java	2.0.2-8
libfreetype6	2.14.3+dfsg-2
libfribidi0	1.0.16-5+b1
libfuse2t64	2.9.9-9+b2
libfuse3-4	3.18.3-1
libfuturesql6-0	0.1.1-2+b2
libfyaml0	0.9.4-1
libgav1-1	0.19.0-3+b1
libgav1-2	0.20.0-2+b2
libgbinder	1.1.33-1+z1+git20230705004442.5dcc692.next.production
libgbinder-radio	1.5.5-1+z1+git20230705004724.3e126ac.next.production
libgbinder-tools	1.1.33-1+z1+git20230705004442.5dcc692.next.production
libgbm1	25.0.7-2
libgcc-14-dev	14.4.0-2
libgcc-16-dev	16.2.0-3
libgcc-s1	16.2.0-3
libgcrypt20	1.12.4-2
libgd3	2.3.3-14
libgdbm-compat4t64	1.26-1+b2
libgdbm6t64	1.26-1+b2
libgdk-pixbuf-2.0-0	2.44.8+dfsg-1
libgdk-pixbuf2.0-common	2.44.8+dfsg-1
libgeoclue-2-0	2.7.1-2+droidian1+git20250406031325.214af16.next.2.7.2
libgeronimo-annotation-1.3-spec-java	1.3-1
libgeronimo-interceptor-3.0-spec-java	1.0.1-5
libgflags2.2	2.2.2-3
libgfortran5	16.2.0-3
libgif7	6.1.3-1
libgirepository-1.0-1	1.86.0-6+b2
libgit2-1.9	1.9.7+ds-1
libgl1	1.7.0-3+b1
libgl1-mesa-dri	25.0.7-2
libgl2ps1.4	1.4.2+dfsg1-4+b1
libgles2	1.7.0-3+b1
libglib2.0-0t64	2.84.3-1~git20250817230525.e40033e.next.pidfd
libglib2.0-bin	2.84.3-1~git20250817230525.e40033e.next.pidfd
libglib2.0-data	2.84.3-1~git20250817230525.e40033e.next.pidfd
libglibmm-2.4-1t64	2.66.10-1
libglibutil	1.0.70-1+z2+git20230705035128.7a94699.next.production
libglpk40	5.0-3
libglu1-mesa	9.0.2-1.1+b4
libgluegen2-jni	2.6.0+dfsg-1
libgluegen2-rt-java	2.6.0+dfsg-1
libglvnd0	1.7.0-3+b1
libglx-mesa0	25.0.7-2
libglx0	1.7.0-3+b1
libglycin-2-0	2.2.1+ds-2
libgme0	0.6.5-1
libgmobile-common	0.4.0+git20250821213049.c081b4d.next.upgrade.0.4
libgmobile0	0.4.0+git20250821213049.c081b4d.next.upgrade.0.4
libgmp10	2:6.3.0+dfsg-5+b2
libgnutls30t64	3.8.13-1
libgomp1	16.2.0-3
libgoogle-glog0v6t64	0.6.0-3
libgpg-error0	1.61-5
libgpgme11t64	1.24.2-3
libgpgme45	2.2.0-2
libgpgmepp6t64	1.24.2-3
libgpgmepp7	2.2.0-2
libgpm2	1.20.7-12+b2
libgprofng0	2.47-6
libgraphene-1.0-0	1.10.8-5+b2
libgraphicsmagick++-q16-12t64	1.4+really1.3.48-1
libgraphicsmagick-q16-3t64	1.4+really1.3.48-1
libgraphite2-3	1.3.15-2
libgs-common	10.08.0~dfsg-2
libgs10	10.08.0~dfsg-2
libgs10-common	10.08.0~dfsg-2
libgsm1	1.0.24-1
libgsound0t64	1.0.3-4+b1
libgssapi-krb5-2	1.22.1-3
libgssdp-1.6-0	1.6.6-1
libgstreamer-gl1.0-0	1.28.7-1
libgstreamer-plugins-bad1.0-0	1.26.2-1~git20250607095845.7b6a585.next.workaround.disable.uvch264
libgstreamer-plugins-base1.0-0	1.28.7-1
libgstreamer1.0-0	1.28.7-1
libgtk-3-0t64	3.24.49-1~git20250502211501.402f247.next.upgrade.3.24
libgtk-3-common	3.24.49-1~git20250502211501.402f247.next.upgrade.3.24
libgtk-4-1	4.18.4+ds-1~git20250427170338.ac56553.next.droidian.4.18
libgtk-4-common	4.18.4+ds-1~git20250427170338.ac56553.next.droidian.4.18
libguava-java	32.0.1-1
libgudev-1.0-0	238-7+b2
libguice-java	5.1.0-1
libgupnp-1.6-0	1.6.10-1
libgupnp-igd-1.6-0	1.6.0-5+b1
libhamcrest-java	2.2-2
libhardware2	0.0.5.53-1+droidian0+z5+git20250520205628.99bb609.next.production
libharfbuzz-gobject0	12.3.2-2+b2
libharfbuzz-icu0	12.3.2-2+b2
libharfbuzz-subset0	12.3.2-2+b2
libharfbuzz0b	12.3.2-2+b2
libhdf5-310	1.14.6+repack-2+b1
libhdf5-hl-310	1.14.6+repack-2+b1
libhdf5-openmpi-320	2.2.0+repack-5
libheif-plugin-dav1d	1.23.4-1+b1
libheif-plugin-libde265	1.23.4-1+b1
libheif1	1.23.4-1+b1
libhidapi-hidraw0	0.15.0-2+b2
libhogweed6t64	3.10.2-1+b1
libhsa-runtime64-1	6.4.3+dfsg-5
libhttp-parser2.9	2.9.4-6+b3
libhttpclient-java	4.5.14-1
libhttpcore-java	4.4.16-1
libhunspell-1.7-0	1.7.3+really1.7.3-5
libhwasan0	16.2.0-3
libhwloc-plugins	2.15.0-2
libhwloc15	2.15.0-2
libhwy1t64	1.3.0-5.1
libhybris	0.0.5.53-1+droidian0+z5+git20250520205628.99bb609.next.production
libhybris-common1	0.0.5.53-1+droidian0+z5+git20250520205628.99bb609.next.production+eqs1~glibc243
libhybris-utils	0.0.5.53-1+droidian0+z5+git20250520205628.99bb609.next.production
libhyphen0	2.8.9-3
libibmad5	65.0-1
libibumad3	65.0-1
libibverbs1	65.0-1
libical3t64	3.0.20-3
libice6	2:1.1.1-1+b2
libicu4j-java	77.1-1
libicu76	76.1-4+b1
libicu78	78.3-2
libidn12	1.44-1
libidn2-0	2.3.8-5
libiec61883-0	1.2.0-8
libijs-0.35	0.35-16+b2
libimagequant0	4.4.1-1+b2
libimath-3-1-29t64	3.1.12-1+b3
libimath-3-2-30	3.2.2-2+b1
libimobiledevice-1.0-6	1.4.0-1+b3
libimobiledevice-glue-1.0-0	1.3.2-2+b1
libinih1	61-1+b2
libinireader0	61-1+b2
libinput-bin	1.31.3-1~git20260730003504.ddf4ffc.next.libinput.axis
libinput-tools	1.31.3-1~git20260730003504.ddf4ffc.next.libinput.axis
libinput10	1.31.3-1~git20260730003504.ddf4ffc.next.libinput.axis
libintellij-annotations-java	23.0.0-2
libintl-perl	1.37-1
libio-pty-perl	1:1.31-1+b1
libip4tc2	1.8.13-1
libip6tc2	1.8.13-1
libipc-run-perl	20260402.0-1
libisl23	0.28-1
libistack-commons-java	3.0.6-5
libitm1	16.2.0-3
libiw30t64	30~pre9-23
libixml11t64	1:1.14.31-1
libjack-jackd2-0	1.9.22~dfsg-6
libjakarta-activation-java	2.0.0-1
libjakarta-servlet-api-java	6.1.0-2
libjansson4	2.15.1-1
libjavascriptcoregtk-4.1-0	2.52.6-1
libjaxb-api-java	2.3.1-1
libjaxb-java	2.3.0.1-11
libjaxen-java	1.2.0-1
libjaxp1.3-java	1.3.05-6
libjbig0	2.1-6.1+b3
libjbig2dec0	0.20-1+b4
libjdom1-java	1.1.3-3
libjemalloc2	5.3.1-2
libjetbrains-annotations-java	23.0.0-2
libjeuclid-core-java	3.1.9-6
libjgoodies-common-java	1.8.1-3
libjgoodies-looks-java	2.7.0-3
libjgraphx-java	2.1.0.7-6
libjlatexmath-fop-java	1.0.7-4
libjlatexmath-java	1.0.7-4
libjogl2-java	2.6.0+dfsg-2
libjogl2-jni	2.6.0+dfsg-2
libjpeg62-turbo	1:3.1.3-4
libjrosetta-java	1.0.4-7
libjs-backbone	1.4.1~dfsg+~1.4.15-4
libjs-bootstrap	3.4.1+dfsg-7
libjs-bootstrap-tour	0.12.0+dfsg-6
libjs-codemirror	5.65.20+~cs5.83.25-1
libjs-es6-promise	4.2.8-13
libjs-jed	1.1.1-4
libjs-jquery	3.7.1+dfsg+~3.5.33-1
libjs-jquery-typeahead	2.11.2+dfsg1-1
libjs-jquery-ui	1.14.2+dfsg-1
libjs-marked	18.0.13+~cs7.2.18-1
libjs-mathjax	2.7.9+dfsg-1
libjs-moment	2.31.0+ds1-1
libjs-requirejs	2.3.8+ds+~2.1.37-1
libjs-requirejs-text	2.0.16-1
libjs-text-encoding	0.7.0-5
libjs-underscore	1.13.8~dfsg+~1.13.0-1
libjs-xterm	5.5.0-4
libjson-c5	0.19+ds-1
libjson-glib-1.0-0	1.10.8+ds-2+b1
libjson-glib-1.0-common	1.10.8+ds-2
libjsoup-java	1.23.2-2
libjsr305-java	0.1~+svn49-12
libjxl0.11	0.11.2-5.1
libk5crypto3	1.22.1-3
libkaccounts6-2	4:26.04.0-1
libkate1	0.4.3-2
libkdecorations3-6	4:6.7.4-1
libkdecorations3private2	4:6.7.4-1
libkdsoap-qt6-2	2.3.0+dfsg-1
libkdsoapwsdiscoveryclient0	0.4.0-2+b2
libkexiv2qt6-0	26.04.0-1
libkeyutils1	1.6.3-6+b2
libkf6archive-data	6.30.0-1
libkf6archive6	6.30.0-1
libkf6attica6	6.30.0-1
libkf6auth-data	6.28.0-1
libkf6authcore6	6.28.0-1
libkf6baloo6	6.30.0-1
libkf6balooengine6	6.30.0-1
libkf6baloowidgets6	4:26.08.0-1
libkf6bluezqt-data	6.13.0-1
libkf6bluezqt6	6.13.0-1
libkf6bookmarks-data	6.30.0-1
libkf6bookmarks6	6.30.0-1
libkf6bookmarkswidgets6	6.30.0-1
libkf6breezeicons6	4:6.30.0-1
libkf6calendarcore-data	6.30.0-2
libkf6calendarcore6	6.30.0-2
libkf6calendarevents6	6.28.0-1
libkf6codecs-data	6.30.0-1
libkf6codecs6	6.30.0-1
libkf6colorscheme-data	6.28.0-1
libkf6colorscheme6	6.28.0-1
libkf6completion-data	6.30.0-1
libkf6completion6	6.30.0-1
libkf6config-bin	6.30.0-1
libkf6config-data	6.30.0-1
libkf6configcore6	6.30.0-1
libkf6configgui6	6.30.0-1
libkf6configqml6	6.30.0-1
libkf6configwidgets-data	6.28.0-1
libkf6configwidgets6	6.28.0-1
libkf6contacts-data	6.30.0-1
libkf6contacts6	6.30.0-1
libkf6coreaddons-data	6.30.0-1
libkf6coreaddons6	6.30.0-1
libkf6crash6	6.30.0-1
libkf6dbusaddons-data	6.28.0-1
libkf6dbusaddons6	6.28.0-1
libkf6declarative-data	6.28.0-1
libkf6dnssd-data	6.30.0-1
libkf6dnssd6	6.30.0-1
libkf6doctools6	6.30.0-1
libkf6filemetadata-bin	6.30.0-1+b1
libkf6filemetadata-data	6.30.0-1
libkf6filemetadata3	6.30.0-1+b1
libkf6globalaccel-data	6.28.0-1
libkf6globalaccel6	6.28.0-1
libkf6guiaddons-data	6.28.0-1
libkf6guiaddons6	6.28.0-1
libkf6holidays-data	6.30.0-1
libkf6holidays6	6.30.0-1
libkf6i18n-data	6.30.0-1
libkf6i18n6	6.30.0-1
libkf6i18nlocaledata6	6.30.0-1
libkf6i18nqml6	6.30.0-1
libkf6iconthemes-data	6.28.0-1
libkf6iconthemes6	6.28.0-1
libkf6iconwidgets6	6.28.0-1
libkf6idletime6	6.28.0-1
libkf6itemmodels6	6.30.0-1
libkf6itemviews-data	6.30.0-1
libkf6itemviews6	6.30.0-1
libkf6jobwidgets-data	6.28.0-1
libkf6jobwidgets6	6.28.0-1
libkf6kcmutils-data	6.28.0-1
libkf6kcmutils6	6.28.0-1
libkf6kcmutilscore6	6.28.0-1
libkf6kcmutilsquick6	6.28.0-1
libkf6kiocore6	6.28.0-1
libkf6kiofilewidgets6	6.28.0-1
libkf6kiogui6	6.28.0-1
libkf6kiowidgets6	6.28.0-1
libkf6modemmanagerqt6	6.30.0-1
libkf6networkmanagerqt6	6.30.0-1
libkf6newstuff-data	6.28.0-1
libkf6newstuffcore6	6.28.0-1
libkf6newstuffwidgets6	6.28.0-1
libkf6notifications-data	6.30.0-1
libkf6notifications6	6.30.0-1
libkf6notifyconfig-data	6.13.0-1
libkf6notifyconfig6	6.13.0-1
libkf6package-data	6.30.0-1
libkf6package6	6.30.0-1
libkf6parts-data	6.28.0-1
libkf6parts6	6.28.0-1
libkf6people-data	6.30.0-1
libkf6people6	6.30.0-1
libkf6peoplebackend6	6.30.0-1
libkf6prison6	6.30.0-1
libkf6prisonscanner6	6.30.0-1
libkf6pty-data	6.30.0-1
libkf6pty6	6.30.0-1
libkf6pulseaudioqt5	1.9.0-1
libkf6purpose-bin	6.13.0-1
libkf6purpose-data	6.13.0-1
libkf6purpose6	6.13.0-1
libkf6purposewidgets6	6.13.0-1
libkf6qqc2desktopstyle-data	6.30.0-1
libkf6runner6	6.28.0-1
libkf6screen8	4:6.7.4-1
libkf6screendpms8	4:6.7.4-1
libkf6service-bin	6.30.0-1
libkf6service-data	6.30.0-1
libkf6service6	6.30.0-1
libkf6solid-data	6.30.0-1
libkf6solid6	6.30.0-1
libkf6sonnet-data	6.30.0-1
libkf6sonnetcore6	6.30.0-1
libkf6sonnetui6	6.30.0-1
libkf6statusnotifieritem-data	6.28.0-1
libkf6statusnotifieritem6	6.28.0-1
libkf6style6	6.13.0-2
libkf6su-bin	6.30.0-1
libkf6su-data	6.30.0-1
libkf6su6	6.30.0-1
libkf6svg6	6.28.0-1
libkf6syndication6	6.30.0-1
libkf6syntaxhighlighting-data	6.30.0-1
libkf6syntaxhighlighting6	6.30.0-1
libkf6texteditor-bin	6.28.0-1
libkf6texteditor-data	6.28.0-1
libkf6texteditor-katepart	6.28.0-1
libkf6texteditor6	6.28.0-1
libkf6textwidgets-data	6.30.0-1
libkf6textwidgets6	6.30.0-1
libkf6threadweaver6	6.30.0-1
libkf6unitconversion-data	6.30.0-1
libkf6unitconversion6	6.30.0-1
libkf6userfeedback-data	6.30.0-1
libkf6userfeedbackcore6	6.30.0-1
libkf6userfeedbackwidgets6	6.30.0-1
libkf6wallet-data	6.28.0-1
libkf6wallet6	6.28.0-1
libkf6walletbackend6	6.28.0-1
libkf6widgetsaddons-data	6.30.0-1
libkf6widgetsaddons6	6.30.0-1
libkf6windowsystem-data	6.28.0-2
libkf6windowsystem6	6.28.0-2
libkf6xmlgui-data	6.28.0-1
libkf6xmlgui6	6.28.0-1
libkfontinst6	4:6.7.5-0+eqs1~pre1
libkfontinstui6	4:6.7.5-0+eqs1~pre1
libkglobalacceld0	6.7.4-1
libkirigami-data	6.28.0-1
libkirigami6	6.28.0-1
libkirigamiaddonsstatefulapp6	1.7.0-1
libkirigamicontrols6	6.28.0-1
libkirigamidelegates6	6.28.0-1
libkirigamidialogs6	6.28.0-1
libkirigamiforms6	6.28.0-1
libkirigamiformsprivatecards6	6.28.0-1
libkirigamiformsprivateflat6	6.28.0-1
libkirigamiformsprivatetemplates6	6.28.0-1
libkirigamilayouts6	6.28.0-1
libkirigamilayoutsprivate6	6.28.0-1
libkirigamiplatform6	6.28.0-1
libkirigamipolyfill6	6.28.0-1
libkirigamiprimitives6	6.28.0-1
libkirigamiprivate6	6.28.0-1
libkirigamitemplates6	6.28.0-1
libklibc	2.0.14-1+b2
libklipper6	4:6.7.5-0+eqs1~pre1
libklookandfeel6	4:6.7.5-0+eqs1~pre1
libklu2	1:7.14.1+dfsg-1
libkmod2	34.2-2+b2
libkmpris6	4:6.7.5-0+eqs1~pre1
libknighttime0	6.7.4-1
libkpipewire-data	6.7.4-1
libkpipewire6	6.7.4-1+b1
libkpipewiredmabuf6	6.7.4-1+b1
libkpipewirerecord6	6.7.4-1+b1
libkrb5-3	1.22.1-3
libkrb5support0	1.22.1-3
libksba8	1.8.1-1
libkscreen-bin	4:6.7.4-1
libkscreen-data	4:6.7.4-1
libkscreenlocker6	6.7.4-1
libksysguard-bin	4:6.7.4-1
libksysguard-data	4:6.7.4-1
libksysguardformatter2	4:6.7.4-1
libksysguardsensorfaces2	4:6.7.4-1
libksysguardsensors2	4:6.7.4-1
libksysguardsystemstats2	4:6.7.4-1
libkwaylandclient6	4:6.7.4-1
libkweathercore-data	26.04.0-2
libkweathercore6	26.04.0-2
libkwin6	4:6.7.4-1
libkworkspace6-6	4:6.7.5-0+eqs1~pre1
liblaf-plugin-java	7.3+dfsg3-6
liblapack3	3.12.1-8
liblastlog2-2	2.42.4-1
liblayershellqtinterface6	6.7.4-1
liblcms2-2	2.19.1-1
libldap2	2.6.14+dfsg-2
libldb2	2:2.11.0+samba4.25.0+dfsg-1
liblerc4	4.2.0+ds-1
libliftoff0	0.5.0-1.1+b2
liblilv-0-0	0.28.0-2
liblirc-client0t64	0.10.2-0.11
libllhttp9.4	9.4.3+~cs12.11.9-2
libllvm19	1:19.1.7-22+b1
libllvm21	1:21.1.8-13
libllvm22	1:22.1.8-1+b2
liblmdb0	0.9.35-1
liblocale-gettext-perl	1.07-10+b1
liblsan0	16.2.0-3
libltdl7	2.6.2-3
liblua5.2-0	5.2.4-4
liblua5.4-0	5.4.9-1
libluajit-5.1-2	2.1.0+openresty20251030-1+b2
libluajit-5.1-common	2.1.0+openresty20251030-1
liblucene8-java	8.8.1-5
liblvm2cmd2.03	2.03.31-2+b2
liblxc-common	1:6.0.4-4+b3
liblxc1t64	1:6.0.4-4+b3
liblz4-1	1.10.0-10
liblzma5	5.8.4-1
liblzo2-2	2.10-3+b2
libmad0	0.16.4-3
libmagic-mgc	1:5.47-4
libmagic1t64	1:5.47-4
libmalcontent-0-0	0.13.1-5
libmaliit-plugins2	2.3.0-5+b1+droidian0+z2+git20260410150344.8f64f68.next.production
libmanette-0.2-0	0.2.13-1+b1
libmarkdown2	2.2.7-2.1+b2
libmatio13	1.5.28-2
libmatroska7	1.7.2-1
libmaven-file-management-java	3.0.0-2
libmaven-parent-java	43-2
libmaven-resolver-java	1.9.25-1
libmaven-shared-io-java	3.0.0-4
libmaven-shared-utils-java	3.4.2-1
libmaven3-core-java	3.9.12-1
libmbedcrypto16	3.6.7-3
libmbedtls21	3.6.7-3
libmbedx509-7	3.6.7-3
libmbim-glib4	1.34.0-1+b1
libmbim-proxy	1.34.0-1+b1
libmd0	1.2.0-2
libmd4c0	0.5.3-1
libmedia1	0.0.5.53-1+droidian0+z5+git20250520205628.99bb609.next.production
libminizip1t64	1:1.3.dfsg+really1.3.2-3
libmm-glib0	1.24.2-2+b1
libmnl0	1.0.5-3+b2
libmount1	2.42.4-1
libmp3lame0	4.0-1
libmpc3	1.3.1-3
libmpcdec6	2:0.1~r495-3+b2
libmpeg2-4	0.5.1-11
libmpfr6	4.2.2-3
libmpg123-0t64	1.33.7-1
libmsgpack-c2	7.0.1-1
libmtdev1t64	1.1.7-1+b2
libmtp-common	1.1.23-1
libmtp9t64	1.1.23-1
libmtpserver1	8+git20240802124857.2b0f798.next.production
libmysofa1	1.3.5+dfsg-1
libnb-org-openide-util-java	12.1-4
libnb-org-openide-util-lookup-java	12.1-4
libncicore	1.1.20-2+z2+git20230702013644.e0a572c.next.production
libnciplugin	1.1.0-3+z2+git20230702020609.24f1a4a.next.production
libncurses6	6.6+20260608-2
libncursesw6	6.6+20260608-2
libndp0	1.9-1+b2
libnetfilter-conntrack3	1.1.1-1
libnettle8t64	3.10.2-1+b1
libnewt0.52	0.52.25-1
libnfnetlink0	1.0.2-3+b2
libnfs14	5.0.2-1.1
libnftables1	1.1.7-1
libnftnl11	1.3.2-1
libnghttp2-14	1.70.0-1
libnghttp3-9	1.17.0-1
libngtcp2-16	1.24.0-1
libngtcp2-crypto-gnutls8	1.24.0-1
libngtcp2-crypto-ossl0	1.24.0-1
libnice10	0.1.23-2+b1
libnl-3-200	3.12.0-2+b1
libnl-genl-3-200	3.12.0-2+b1
libnl-route-3-200	3.12.0-2+b1
libnm0	1.52.0-1~git20250318020406.3c6ae12.next.wwan.fix
libnorm1t64	1.5.9+dfsg-4+b1
libnotificationmanager1	4:6.7.5-0+eqs1~pre1
libnotify-bin	0.8.8-1+b1
libnotify4	0.8.8-1+b1
libnpth0t64	1.8-4
libnspr4	2:4.40-1
libnss-myhostname	257.7-1~git20250817224341.71c3e2c.next.upgrade.257
libnss-systemd	257.7-1~git20250817224341.71c3e2c.next.upgrade.257
libnss3	2:3.129-1
libnuma1	2.0.19-1+b2
libnvme1t64	1.16.2-1+b1
liboeffis1	1.5.0-3+b1
libofonobinderpluginext	1.1.15-1+droidian3+git20250215144459.828e0a0.next.production
libogg0	1.3.6-2+b1
libokular6core3	4:25.04.2-1
libokular6core4	4:26.04.2-1
libonig5	6.9.10-1+b1
libonnx1l	1.20.0-6
libonnxruntime-providers	1.23.2+dfsg-6.1
libonnxruntime1.23	1.23.2+dfsg-6.1
libopenconnect5	9.21-5
libopencore-amrnb0	0.1.6-1+b3
libopencore-amrwb0	0.1.6-1+b3
libopenexr-3-4-33	3.4.15+ds-1
libopenfec1	1.4.2.12+dfsg-1+b2
libopengl0	1.7.0-3+b1
libopenh264-8	2.6.0+dfsg-2+b2
libopenjp2-7	2.5.4-1.1
libopenjph0.28	0.28.1-1
libopenmpi40	5.0.11-2
libopenmpt-modplug1	0.8.9.0-openmpt1-3
libopenmpt0t64	0.8.9-1
libopus0	1.6.1-1+b1
liborc-0.4-0t64	1:0.4.44-1
libostree-1-1	2026.4-1
libp11-kit0	0.26.5-1
libpackagekit-glib2-18	1.4.0-1
libpackagekitqt6-1	1.1.2-1+b1
libpackagekitqt6-2	1.1.4-1+b1
libpam-cap	1:2.78-1+b1
libpam-modules	1.7.0-8
libpam-modules-bin	1.7.0-8
libpam-runtime	1.7.0-8
libpam-systemd	257.7-1~git20250817224341.71c3e2c.next.upgrade.257
libpam0g	1.7.0-8
libpango-1.0-0	1.58.0-1
libpangocairo-1.0-0	1.58.0-1
libpangoft2-1.0-0	1.58.0-1
libpangoxft-1.0-0	1.58.0-1
libpaper2	2.2.5-0.4
libparted2t64	3.8-2
libpcap0.8t64	1.10.7-1
libpciaccess0	0.19-2
libpcre2-16-0	10.48-3
libpcre2-32-0	10.48-3
libpcre2-8-0	10.48-3
libpcre2-posix3	10.48-3
libpcsclite1	2.5.2-1
libperl5.40	5.40.1-8
libperl5.42	5.42.3-1
libpgm-5.3-0t64	5.3.128~dfsg-3
libphonenumber8	8.13.51+ds-6+b3
libphonon-l10n	4:4.12.0-7
libphonon4qt6-4t64	4:4.12.0-7
libpinyin-data	2.11.91-1
libpinyin15	2.11.91-1
libpipeline1	1.5.8-3
libpipewire-0.3-0t64	1.6.9-2
libpipewire-0.3-modules	1.6.9-2
libpixman-1-0	0.46.4-1+b2
libplacebo349	7.349.0-3
libplacebo360	7.360.1-1
libplasma-geolocation-interface6	4:6.7.4-1
libplasma5support-data	4:6.7.4-1
libplasma5support6	4:6.7.4-1
libplasma7	6.7.4-2
libplasmaactivities-data	6.7.4-1
libplasmaactivities7	6.7.4-1
libplasmaactivitiesstats1	6.7.4-1
libplasmaquick7	6.7.4-2
libplexus-archiver-java	4.6.1-1
libplexus-cipher-java	2.0-1
libplexus-classworlds-java	2.7.0-1
libplexus-component-annotations-java	2.1.1-1
libplexus-interpolation-java	1.27-1
libplexus-io-java	3.3.1-2
libplexus-sec-dispatcher-java	2.0-3
libplexus-utils2-java	3.4.2-1
libplist-2.0-4	2.7.0+git20250820-1+b2
libplymouth5	0.9.5-3+droidian6+git20250126230703.4ad4e4a.next.production
libpmix2t64	7.0.0~git.20260918-1
libpng16-16t64	1.6.58-1
libpocketsphinx3	0.8+5prealpha+1-15+b5
libpolkit-agent-1-0	127-3
libpolkit-gobject-1-0	127-3
libpolkit-qt6-1-1	0.201.1-1
libpoppler-cpp2	25.03.0-5
libpoppler-cpp3	26.07.0-2
libpoppler-qt6-3t64	26.07.0-2
libpoppler147	25.03.0-5
libpoppler162	26.07.0-2
libpopt0	1.19+dfsg-2+b2
libportaudio2	19.7.0-1+b1
libpostproc58	7:7.1.5-0+deb13u1
libpowerdevilcore2	4:6.7.4-1
libproc2-0	2:4.0.4-9
libproc2-1	2:4.0.7-1
libprocesscore11	4:6.7.4-1
libprotobuf-c1	1.5.1-1+b2
libprotobuf-lite32t64	3.21.12-16
libprotobuf32t64	3.21.12-16
libproxy1v5	0.5.12-3
libpskc0t64	2.6.12-1
libpsl5t64	0.23.3-1
libpthreadpool0	0.0~git20251020.0e6ca13-1.1
libpulse-mainloop-glib0	14.2-2+droidian4+git20250504201345.dc4fdb8.next.production
libpulse0	14.2-2+droidian4+git20250504201345.dc4fdb8.next.production
libpulsedsp	14.2-2+droidian4+git20250504201345.dc4fdb8.next.production
libpython3-stdlib	3.13.5-1
libpython3.13	3.13.15-1
libpython3.13-minimal	3.13.15-1
libpython3.13-stdlib	3.13.15-1
libpython3.14	3.14.7-4
libpython3.14-minimal	3.14.7-4
libpython3.14-stdlib	3.14.7-4
libqaccessibilityclient-qt6-0	0.6.0-5
libqalculate-data	5.12.0-1
libqalculate23	5.12.0-1
libqca-qt6-2	2.3.12-1
libqca-qt6-plugins	2.3.12-1
libqcoro6core0t64	0.13.0-2
libqcoro6dbus0t64	0.13.0-2
libqcoro6qml0t64	0.13.0-2
libqcoro6quick0t64	0.13.0-2
libqdox-java	1.12.1-4
libqhull-r8.0	2020.2-9
libqmi-glib5	1.38.0-1+b1
libqmi-proxy	1.38.0-1+b1
libqmobipocket6-2	4:25.04.0-1
libqmobipocket6-3	4:26.04.0-2
libqpdf30	12.4.1-1
libqrencode4	4.1.1-2+b2
libqrtr-glib0	1.4.0-1+b1
libqrupdate1	1.2.0-1
libqscintilla2-qt6-15	2.14.1+dfsg-4
libqscintilla2-qt6-l10n	2.14.1+dfsg-4
libqt5core5t64	5.15.15+dfsg-6
libqt5dbus5t64	5.15.15+dfsg-6
libqt5gui5-gles	5.15.15+dfsg-2
libqt5multimedia5	5.15.15-2
libqt5multimedia5-plugins	5.15.15-2
libqt5multimediagsttools5	5.15.15-2
libqt5multimediaquick5	5.15.15-2
libqt5multimediawidgets5	5.15.15-2
libqt5network5t64	5.15.15+dfsg-6
libqt5printsupport5t64	5.15.15+dfsg-6
libqt5qml5	5.15.15+dfsg-3
libqt5qmlmodels5	5.15.15+dfsg-3
libqt5qmlworkerscript5	5.15.15+dfsg-3
libqt5quick5-gles	5.15.15+dfsg-2
libqt5quickcontrols2-5	5.15.15+dfsg-2
libqt5quicktemplates2-5	5.15.15+dfsg-2
libqt5sensors5	5.15.15-2
libqt5svg5	5.15.15-2
libqt5waylandclient5	5.15.15-3
libqt5waylandcompositor5	5.15.15-3
libqt5widgets5t64	5.15.15+dfsg-6
libqt5x11extras5	5.15.15-2
libqt6charts6	6.8.2-2
libqt6concurrent6	6.10.2+dfsg-16
libqt6core5compat6	6.10.2-4
libqt6core6t64	6.10.2+dfsg-16
libqt6dbus6	6.10.2+dfsg-16
libqt6gui6-gles	6.10.2+dfsg-16+git20260818173520.42aed1f.next.gles
libqt6help6	6.10.2-3
libqt6keychain1	0.17.0-1
libqt6labsplatform6	6.10.2+dfsg-6
libqt6location6	6.10.2-3
libqt6multimedia6	6.10.2-4
libqt6multimediawidgets6	6.10.2-4
libqt6network6	6.10.2+dfsg-16
libqt6opengl6	6.10.2+dfsg-16
libqt6openglwidgets6	6.10.2+dfsg-16
libqt6positioning6	6.10.2-3
libqt6positioning6-plugins	6.10.2-3
libqt6positioningquick6	6.10.2-3
libqt6printsupport6	6.10.2+dfsg-16
libqt6qml6	6.10.2+dfsg-6
libqt6qmlmeta6	6.10.2+dfsg-6
libqt6qmlmodels6	6.10.2+dfsg-6
libqt6qmlworkerscript6	6.10.2+dfsg-6
libqt6quick6	6.10.2+dfsg-6
libqt6quickcontrols2-6	6.10.2+dfsg-6
libqt6quickshapes6	6.10.2+dfsg-6
libqt6quicktemplates2-6	6.10.2+dfsg-6
libqt6quickwidgets6	6.10.2+dfsg-6
libqt6sensors6	6.10.2-4
libqt6serialport6	6.10.2-3
libqt6shadertools6	6.10.2-3
libqt6sql6	6.10.2+dfsg-16
libqt6sql6-sqlite	6.10.2+dfsg-16
libqt6svg6	6.10.2-9
libqt6texttospeech6	6.10.2-3
libqt6uitools6	6.10.2-3
libqt6virtualkeyboard6	6.10.2+dfsg-3
libqt6waylandclient6	6.10.2+dfsg-16
libqt6waylandcompositor6	6.10.2-5
libqt6webchannel6	6.10.2-3
libqt6webchannelquick6	6.10.2-3
libqt6webengine6-data	6.10.2+dfsg-4
libqt6webenginecore6	6.10.2+dfsg-4
libqt6webenginecore6-bin	6.10.2+dfsg-4
libqt6webenginequick6	6.10.2+dfsg-4
libqt6webenginewidgets6	6.10.2+dfsg-4
libqt6webview6	6.10.2-3
libqt6widgets6	6.10.2+dfsg-16
libqt6wlshellintegration6	6.10.2+dfsg-16
libqt6xml6	6.10.2+dfsg-16
libquickcharts1	6.13.0-1
libquickchartscontrols1	6.13.0-1
librabbitmq4	0.18.0-1
libraqm0	0.10.5-1
librav1e0.7	0.7.1-9+b2
librav1e0.8	0.8.1-11
libraw1394-11	2.1.2-2.1
librdmacm1t64	65.0-1
libre2-11	20251105-1+b2
libreadline8t64	8.3-4
libregexp-java	1.5+dfsg-1
librelaxng-datatype-java	1.0+ds1-4
libresid-builder0c2a	2.1.1-16+b2
librhino-java	1.7.15.1-0.1
librist4	0.2.20+dfsg-1
librngom-java	2.3.0.1-11
libroc0.4	0.4.0+dfsg-6
librsvg2-2	2.62.1+dfsg-1
librsvg2-common	2.62.1+dfsg-1
librtmp1	2.6-1
librubberband2	3.3.0+dfsg-2+b4
librubberband3	4.0.0+dfsg-2
libsamplerate0	0.2.2-4+b3
libsasl2-2	2.1.28+dfsg1-11
libsasl2-modules-db	2.1.28+dfsg1-11
libsaxonhe-java	9.9.1.5+dfsg-1
libsbc1	2.1-1+b2
libsdl2-2.0-0	2.32.72+ds-1
libsdl3-0	3.4.16+ds-1
libseat1	0.9.3-1
libseccomp2	2.6.1-1+b1
libsecret-1-0	0.21.7-2+b1
libsecret-common	0.21.7-2
libselinux1	3.11-2.1
libsemanage-common	3.11-1
libsemanage2	3.11-1+b1
libsensorfw-qt5-hybris	0.14.8-1+droidian1+git20250414130959.feafda8.next.production
libsensorfw-qt5-plugins	0.14.8-1+droidian1+git20250414130959.feafda8.next.production
libsensorfw-qt6-configs	0.14.8-1+droidian1+git20250414130959.feafda8.next.production
libsensorfw-qt6-hybris	0.14.8-1+droidian1+git20250414130959.feafda8.next.production
libsensorfw-qt6-plugins	0.14.8-1+droidian1+git20250414130959.feafda8.next.production
libsensors-config	1:3.6.2-2
libsensors5	1:3.6.2-2+b2
libsepol2	3.11-1
libserd-0-0	0.32.10-2
libsframe1	2.44-3
libsframe3	2.47-6
libsharpyuv0	1.6.0-0.1
libshine3	3.1.1-4
libshout3	2.4.6-1+b6
libsidplay1v5	1.36.60-3
libsidplay2	2.1.1-16+b2
libsigc++-2.0-0v5	2.12.1-4+b1
libsignon-qt6-1	8.61+git20231015.c8ad982-8+b1
libsisu-inject-java	0.3.5-1
libsisu-plexus-java	0.3.5-1
libskinlf-java	6.7+dfsg-1
libslang2	2.3.3-6
libslf4j-java	1.7.32-2
libsm6	2:1.2.6-1+b2
libsmartcols1	2.42.4-1
libsmbclient0	2:4.25.0+dfsg-1
libsnappy-java	1.1.10.8-1
libsnappy-jni	1.1.10.8-1+b1
libsnappy1v5	1.3.1-3
libsndfile1	1.2.2-4+b1
libsodium23	1.0.18-2+b1
libsodium26	1.0.22-2
libsord-0-0	0.16.22-1
libsoup-3.0-0	3.6.6-1
libsoup-3.0-common	3.6.6-1
libsource-highlight-common	3.1.9-4.3
libsource-highlight4t64	3.1.9-4.3+b2
libsoxr0	0.1.3-4.1+b1
libspa-0.2-modules	1.6.9-2
libspatialaudio0t64	0.3.0+git20180730+dfsg1-2.1+b1
libspatialaudio2	0.4.1-1
libspectre1	0.2.12-2
libspeex1	1.2.1-3+b2
libspeexdsp1	1.2.1-4
libsphinxbase3t64	0.8+5prealpha+1-21+b1
libspqr4	1:7.14.1+dfsg-1
libsqlite3-0	3.53.4-2
libsquashfuse0	0.5.2-0.3+b1
libsratom-0-0	0.6.22-1
libsrt1.5-gnutls	1.5.7-1
libss2	1.47.4-1+b1
libssc2	0.4.4-2
libssh-4	0.12.2-1
libssh2-1t64	1.11.1-6
libssl3t64	3.6.4-1
libstax-ex-java	1.7.8-3
libstdc++-14-dev	14.4.0-2
libstdc++-16-dev	16.2.0-3
libstdc++6	16.2.0-3
libstemmer0d	3.1.1-1
libstoken1t64	0.93-2
libstreambuffer-java	1.5.4-2
libsuitesparseconfig7	1:7.14.1+dfsg-1
libsvtav1enc2	2.3.0+dfsg-1
libsvtav1enc4	4.1.0+dfsg-1
libswresample5	7:7.1.5-0+deb13u1
libswresample6	7:8.1.2-2+b3
libswresample7	7:9.0.2-1
libswscale10	7:9.0.2-1
libswscale8	7:7.1.5-0+deb13u1
libswscale9	7:8.1.2-2+b3
libsystemd-shared	257.7-1~git20250817224341.71c3e2c.next.upgrade.257
libsystemd0	257.7-1~git20250817224341.71c3e2c.next.upgrade.257
libsz2	1.1.7-1
libtag2	2.3.2-3
libtalloc2	2:2.5.0+samba4.25.0+dfsg-1
libtaskmanager6	4:6.7.5-0+eqs1~pre1
libtasn1-6	4.21.0-2+b1
libtcl8.6	8.6.18+dfsg-1
libtdb1	2:1.4.15+samba4.25.0+dfsg-1
libteamdctl0	1.31-1+b3
libtevent0t64	2:0.17.2+samba4.25.0+dfsg-1
libtext-charwidth-perl	0.04-12+b1
libtext-iconv-perl	1.7-9+b1
libtext-unidecode-perl	1.30-3
libtext-wrapi18n-perl	0.06-11
libthai-data	0.1.30-3
libthai0	0.1.30-3
libtheora0	1.2.0~alpha1+dfsg-6
libtheora1	1.2.0+dfsg-6+b2
libtheoradec1	1.2.0~alpha1+dfsg-6
libtheoradec2	1.2.0+dfsg-6+b2
libtheoraenc1	1.2.0~alpha1+dfsg-6
libtheoraenc2	1.2.0+dfsg-6+b2
libtiff6	4.7.2-1
libtime-duration-perl	1.21-2
libtimedate-perl	2.3500-1
libtinfo6	6.6+20260608-2
libtirpc-common	1.3.7+ds-1
libtirpc3t64	1.3.7+ds-1
libtk8.6	8.6.18-1
libtkrzw1t64	1.0.32-1+b2
libtls-padding0	22+git20250120213942.b5ab6eb.next.production
libtomcrypt1	1.18.2+dfsg-7+b3
libtommath1	1.3.0-1+b2
libtree-sitter0.22	0.22.6-6+b1
libtree-sitter0.26	0.26.11-1
libts0t64	1.22-1.1+b2
libtsan2	16.2.0-3
libtss2-esys-3.0.2-0t64	4.1.3-7
libtss2-mu-4.0.1-0t64	4.1.3-7
libtss2-sys1t64	4.1.3-7
libtss2-tcti-cmd0t64	4.1.3-7
libtss2-tcti-device0t64	4.1.3-7
libtss2-tcti-libtpms0t64	4.1.3-7
libtss2-tcti-mssim0t64	4.1.3-7
libtss2-tcti-spi-helper0t64	4.1.3-7
libtss2-tcti-swtpm0t64	4.1.3-7
libtss2-tctildr0t64	4.1.3-7
libtwolame0	0.4.0-3
libtxw2-java	2.3.0.1-11
libubsan1	16.2.0-3
libucc1	1.9.0-1
libuchardet0	0.0.8-2+b2
libucx0	1.22.0-1
libudev1	257.7-1~git20250817224341.71c3e2c.next.upgrade.257
libudfread0	1.1.2-1+b2
libudfread3	1.2.0-3
libudisks2-0	2.11.2-1
libumfpack6	1:7.14.1+dfsg-1
libunibilium4	2.1.4-1
libunibreak6	6.1-3
libunibreak7	7.0-2
libunistring5	1.4.2-1
libunwind8	1.8.1-0.4
libupnp17t64	1:1.14.31-1
libupower-glib3	1.91.4-1
libusb-1.0-0	2:1.0.30-1
libusbmuxd-2.0-7	2.1.1-1+b1
libutf8proc3	2.11.3-2
libuuid1	2.42.4-1
libuv1t64	1.52.1-4
libv4l-0t64	1.32.0-5
libv4lconvert0t64	1.32.0-5
libva-drm2	2.24.1-2
libva-wayland2	2.24.1-2
libva-x11-2	2.24.1-2
libva2	2.24.1-2
libvdpau1	1.5-4+b1
libvidstab1.1	1.1.0-2.1+b1
libvidstab1.2	1.1.1-4
libvisual-0.4-0	0.4.2-6
libvlc-bin	3.0.24-1
libvlc5	3.0.24-1
libvlccore9	3.0.24-1
libvolume-key1	0.3.12-10+b2
libvorbis0a	1.3.7-3+b2
libvorbisenc2	1.3.7-3+b2
libvorbisfile3	1.3.7-3+b2
libvpx11	1.15.2-2+b1
libvpx12	1.17.0-1
libvpx9	1.15.0-2.1
libvterm0	0.3.3-3+b2
libvulkan1	1.4.357.0-1
libwacom-common	2.20.0-1
libwacom9	2.20.0-1
libwagon-http-java	3.5.3-2
libwagon-provider-api-java	3.5.3-2
libwavpack1	5.9.0-2
libwayland-client0	1.26.0-1
libwayland-cursor0	1.26.0-1
libwayland-egl1	1.26.0-1
libwayland-server0	1.26.0-1
libwbclient0	2:4.25.0+dfsg-1
libweather-ion7	4:6.7.4-1
libwebkit2gtk-4.1-0	2.52.6-1
libwebp7	1.6.0-0.1
libwebpdemux2	1.6.0-0.1
libwebpmux3	1.6.0-0.1
libwebrtc-audio-processing-1-3	1.3-3+b3
libwf-config1	0.9.0-1~git20250414195238.2584132.next.upgrade.0.9.0
libwf-utils0t64	0.9.0-1~git20250414195238.2584132.next.upgrade.0.9.0
libwlroots12a	0.17.4-1~git20250516211552.bbe45e2.next.backport.0.18
libwmflite-0.2-7	0.2.14-1
libwoff1	1.0.2-3+b1
libwrap0	7.6.q-37
libwspcodec	2.2.6-1+z1+git20230705034726.82f1250.next.production
libwtmpdb0	0.75.0-6
libwxbase3.2-1t64	3.2.11+dfsg1-2
libwxgtk-webview3.2-1t64	3.2.11+dfsg1-2
libwxgtk3.2-1t64	3.2.11+dfsg1-2
libx11-6	2:1.8.13-1
libx11-data	2:1.8.13-1
libx11-xcb1	2:1.8.13-1
libx264-164	2:0.164.3108+git31e19f9-2+b1
libx264-165	2:0.165.3223+git20250910.0480cb0-1+b1
libx265-215	4.1-4+b2
libx265-216	4.2-3
libxalan2-java	2.7.2-4
libxau6	1:1.0.11-1+b2
libxaw7	2:1.0.16-1+b2
libxcb-composite0	1.17.0-2+b2
libxcb-cursor0	0.1.6-1
libxcb-damage0	1.17.0-2+b2
libxcb-dpms0	1.17.0-2+b2
libxcb-dri3-0	1.17.0-2+b2
libxcb-ewmh2	0.4.2-1+b2
libxcb-glx0	1.17.0-2+b2
libxcb-icccm4	0.4.2-1+b2
libxcb-image0	0.4.0-2+b3
libxcb-keysyms1	0.4.1-1+b2
libxcb-present0	1.17.0-2+b2
libxcb-randr0	1.17.0-2+b2
libxcb-record0	1.17.0-2+b2
libxcb-render-util0	0.3.10-1+b2
libxcb-render0	1.17.0-2+b2
libxcb-res0	1.17.0-2+b2
libxcb-shape0	1.17.0-2+b2
libxcb-shm0	1.17.0-2+b2
libxcb-sync1	1.17.0-2+b2
libxcb-util1	0.4.1-1+b2
libxcb-xfixes0	1.17.0-2+b2
libxcb-xinerama0	1.17.0-2+b2
libxcb-xinput0	1.17.0-2+b2
libxcb-xkb1	1.17.0-2+b2
libxcb-xv0	1.17.0-2+b2
libxcb1	1.17.0-2+b2
libxcomposite1	1:0.4.6-1+b2
libxcursor1	1:1.2.3-1+b2
libxcvt0	0.1.3-1+b2
libxdamage1	1:1.1.7-1+b1
libxdgutilsbasedir1.0.1	1.0.1-3.2+b1
libxdgutilsdesktopentry1.0.1	1.0.1-3.2+b1
libxdmcp6	1:1.1.5-2+b1
libxerces2-java	2.12.2-1
libxext6	2:1.3.4-1+b4
libxfixes3	1:6.0.0-2+b5
libxfont2	1:2.0.9-1
libxft2	2.3.6-1+b5
libxi6	2:1.8.3-1
libxinerama1	2:1.1.4-3+b5
libxkbcommon-x11-0	1.13.1-1
libxkbcommon0	1.13.1-1
libxkbfile1	1:1.1.0-1+b5
libxml++2.6-2v5	2.42.3-2+b2
libxml-commons-external-java	1.4.01-6
libxml-commons-resolver1.1-java	1.2-11
libxml-libxml-perl	2.0207+dfsg+really+2.0134-8+b1
libxml-namespacesupport-perl	1.12-2
libxml-sax-base-perl	1.09-3
libxml-sax-perl	1.02+dfsg-5
libxml2	2.12.7+dfsg+really2.9.14-2.4
libxml2-16	2.15.4+dfsg-1
libxmlb2	0.3.29-1
libxmlgraphics-commons-java	2.11-1
libxmlsec1t64	1.2.41-1+b1
libxmlsec1t64-openssl	1.2.41-1+b1
libxmu6	2:1.1.3-4+b1
libxmuu1	2:1.1.3-4+b1
libxnnpack0.20241108	0.0~git20241108.4ea82e5-2+b1
libxnvctrl0	535.171.04-1+b3
libxom-java	1.4.6-1
libxpm4	1:3.5.19-1
libxrandr2	2:1.5.4-1+b4
libxrender1	1:0.9.12-1+b2
libxres1	2:1.2.1-2
libxshmfence1	1.3.3-1+b2
libxslt1.1	1.1.45-0.1
libxsom-java	2.3.0.1-11
libxss1	1:1.2.3-1+b4
libxt6t64	1:1.2.1-1.3+b2
libxtables12	1.8.13-1
libxtst6	2:1.2.5-1+b2
libxv1	2:1.0.13-1+b1
libxvidcore4	2:1.3.7-3+b2
libxxf86dga1	2:1.1.5-1+b4
libxxf86vm1	1:1.1.4-2+b1
libxxhash0	0.8.3-2+b2
libxz-java	1.12+repack-1
libyaml-0-2	0.2.5-2+b1
libyaml-cpp0.8	0.8.0+dfsg-7
libyaml-cpp0.9	0.9.0+dfsg-9
libyuv0	0.0.1971.20260904-2
libyyjson0	0.12.0+ds-2
libz3-4	4.13.3-1.1
libzimg2	3.0.6+ds1-2
libzip5	1.11.4-2+b1
libzix-0-0	0.8.2-1
libzmq5	4.3.5-1+b7
libzopfli1	1.0.3-3+b1
libzstd1	1.5.7+dfsg-4
libzvbi-common	0.2.45-1
libzvbi0t64	0.2.45-1
libzxing3	2.3.0-5
libzxing4	3.1.1+ds-1
linux-base	4.17
linux-bootimage-motorola-eqs	5.10.209+git20240821.bd42a1bb-1~eqsdev1
linux-image-motorola-eqs	5.10.209+git20240821.bd42a1bb-1~eqsdev1
linux-libc-dev	7.2.7-1
locales	2.43-6
locales-all	2.43-6
login	1:4.16.0-2+really2.42.4-1
login.defs	1:4.19.3-2
logsave	1.47.4-1+b1
lua-lpeg	1.1.0-3+b1
lua-luv	1.51.0-1-1+b1
lvm2	2.03.31-2+b2
lxc	1:6.0.4-4+b3
lxc-android	1:39+git20250906140358.64f9b2f.101.updates
make	4.4.1-3+b1
maliit-framework	2.3.0-5+b1+droidian0+z2+git20260410150344.8f64f68.next.production
maliit-keyboard	2.3.1-6+b1+droidian1+git20250414213256.6e6a89f.next.production
man-db	2.13.1-1+b1
mawk	1.3.4.20260302-2
maxima	5.49.0+dsfg-5
maxima-doc	5.49.0+dsfg-5
maxima-share	5.49.0+dsfg-5
media-types	14.0.0
mesa-libgallium	25.0.7-2
mesa-utils	9.0.0-2+b3
mesa-utils-bin	9.0.0-2+b3
mesa-vulkan-drivers	25.0.7-2
mobian-droidian-archive-keyring	2025.01.06+git20250106145953.b4c3a11.next.production
mobile-broadband-provider-info	20251101-1
mobile-power-saver	0.9.7-1+droidian0+git20250812201936.477f4f6.next.production
modemmanager	1.24.2-2+b1
moreutils	0.70-1
mount	2.42.4-1
mtp-server	8+git20240802124857.2b0f798.next.production
nano	9.2-1
ncurses-base	6.6+20260608-2
ncurses-bin	6.6+20260608-2
nemo-gstreamer1.0-interfaces	0.20200911.0-1+upgrade12+z1+git20230625193237.6c361bc.next.production
neovim	0.12.4-1
neovim-runtime	0.12.4-1
net-tools	2.10-2+b1
netbase	6.6
network-manager	1.52.0-1~git20250318020406.3c6ae12.next.wwan.fix
nfcd	2+z1+git20230703010420.cde1dcd.next.production
nfcd-binder-plugin	1.1.9-2+git20230702040304.81e7c48.trixie.production
nftables	1.1.7-1
node-fortawesome-fontawesome-free	7.3.1+ds1-1
node-jed	1.1.1-4
ocean-sound-theme	6.7.4-1
ocl-icd-libopencl1	2.3.4-1+b1
octave	11.3.0-1+b1
octave-common	11.3.0-1
ofono	1.29+git11-2+git20250411210553.fa3683a.next.production
ofono-binder-plugin	1.1.15-1+droidian3+git20250215144459.828e0a0.next.production
ofono-configs-binder-common	6+git20240519134542.0014ddc.next.production
ofono-scripts	1.29+git11-2+git20250411210553.fa3683a.next.production
ofono2mm	1.1.0+git20250215144254.0c3d65f.next.production
okular	4:26.04.2-1
okular-data	4:26.04.2-1
onlyoffice-desktopeditors	9.4.0-129
openjdk-21-jre	21.0.13~6ea-1
openjdk-21-jre-headless	21.0.13~6ea-1
openjdk-25-jre	25.0.5~7ea-1
openjdk-25-jre-headless	25.0.5~7ea-1
openssh-client	1:10.5p1-1
openssh-common	1:10.5p1-1
openssh-server	1:10.5p1-1
openssh-sftp-server	1:10.5p1-1
openssl	3.6.4-1
openssl-provider-legacy	3.6.4-1
oxygen-sounds	4:6.7.4-1
package-sideload	8+upgrade12+git20211127184819.e1a4cf6.bookworm.production
package-sideload-tools	8+upgrade12+git20211127184819.e1a4cf6.bookworm.production
packagekit	1.4.0-1
parse-android-dynparts	0.0.0+git20210414-5+z1+git20240101144557.b776ff2.next.production
parted	3.8-2
passwd	1:4.19.3-2
patch	2.8-2+b1
pci.ids	0.0~2026.09.23-1
perl	5.42.3-1
perl-base	5.42.3-1
perl-modules-5.40	5.40.1-8
perl-modules-5.42	5.42.3-1
phonon-backend-vlc-common	0.12.0-3
phonon4qt6	4:4.12.0-7
phonon4qt6-backend-vlc	0.12.0-3+b5
pinentry-curses	1.3.3-3
pipewire	1.6.9-2
pipewire-bin	1.6.9-2
pipewire-pulse	1.6.9-2
plasma-desktoptheme	6.7.4-2
plasma-dialer	6.3.3-1~git20250323163642.064ca15.next.upgrade.6.3
plasma-discover	6.3.6-1
plasma-discover-backend-flatpak	6.3.6-1
plasma-discover-common	6.3.6-1
plasma-integration	6.7.4-1
plasma-mobile-wf	6.7.5-0+eqs1~pre2
plasma-mobile-wf-config-hwcomposer	6.3.3-1~git20250414214107.69444e6.next.upgrade.6.3
plasma-nano	6.7.4-1
plasma-nm	4:6.7.4-1
plasma-pa	4:6.7.4-1
plasma-phonebook	24.02.0-1
plasma-settings	25.02.0-2
plasma-systemmonitor	6.3.6-1
plasma-version	6.7.0
plasma-workspace	4:6.7.5-0+eqs1~pre1
plasma-workspace-data	4:6.7.5-0+eqs1~pre1
plymouth	0.9.5-3+droidian6+git20250126230703.4ad4e4a.next.production
plymouth-label	0.9.5-3+droidian6+git20250126230703.4ad4e4a.next.production
plymouth-theme-droidian	2+upgrade12+git20211120224717.1925721.bookworm.production
pnp.ids	0.411-1
polkit-kde-agent-1	4:6.7.4-1
polkitd	127-3
poppler-data	0.4.12-1
poppler-utils	26.07.0-2
powerdevil	4:6.7.4-1
powerdevil-data	4:6.7.4-1
procps	2:4.0.7-1
psmisc	23.7-2+b1
pulseaudio	14.2-2+droidian4+git20250504201345.dc4fdb8.next.production
pulseaudio-config-droid	11+git20250504201441.9b0e052.next.production
pulseaudio-module-bluetooth	14.2-2+droidian4+git20250504201345.dc4fdb8.next.production
pulseaudio-modules-droid-hidl	1.4.0-1+git20220228002517.8fd0da4.bookworm.production
pulseaudio-modules-droid-modern	14.2.103-1+droidian0+git20240829212213.935726a.next.production
pulseaudio-utils	14.2-2+droidian4+git20250504201345.dc4fdb8.next.production
python-babel-localedata	2.18.0+git2026-08-12-2
python-matplotlib-data	3.10.9+dfsg1-1
python-tinycss2-common	1.5.1-5
python3	3.13.5-1
python3-argon2	21.1.0-3
python3-arrow	1.4.0-4
python3-astroid	4.3.1-3
python3-asttokens	3.0.1-3
python3-attr	26.1.0-1
python3-autocommand	2.2.2-4
python3-babel	2.18.0+git2026-08-12-2
python3-bleach	6.3.0-1
python3-brotli	1.1.0-2+b7
python3-bs4	4.15.0-1
python3-cffi-backend	1.17.1-3
python3-chardet	5.2.0+dfsg-2
python3-comm	0.2.1-1
python3-contourpy	1.3.1-1+b1
python3-coverage	7.8.2+dfsg1-1
python3-cycler	0.12.1-3
python3-dateutil	2.9.0-5
python3-dbus	1.4.0-1
python3-dbus-next	0.2.3-1+git20230913164642.cd4befe.trixie.production
python3-debugpy	1.8.12+ds-1
python3-decorator	5.3.1-1
python3-defusedxml	0.7.1-3
python3-executing	2.2.1-0.1
python3-fastjsonschema	2.22.1-1
python3-fonttools	4.57.0-1
python3-fqdn	1.5.1-2
python3-fs	2.4.16-7
python3-gbinder	1.1.2-2+droidian0+git20250204220811.afd7ac7.next.production
python3-gi	3.50.0-4+b1
python3-html5lib	1.2-5
python3-idna	3.19-1
python3-inflect	7.5.0-2
python3-ipykernel	7.2.0-3
python3-ipython	9.11.0-3
python3-ipython-genutils	0.2.0-7
python3-ipython-pygments-lexers	1.1.1-3
python3-isoduration	20.11.0+git20211126.ae0bd61-3
python3-jaraco.context	6.0.1-2
python3-jaraco.functools	4.1.0-1
python3-jaraco.text	4.0.0-1
python3-jedi	0.20.0+ds1-1
python3-jinja2	3.1.6-4
python3-json-pointer	2.4-4
python3-jsonschema	4.26.0-2
python3-jsonschema-specifications	2025.9.1-1
python3-jupyter-client	8.8.0-2
python3-jupyter-core	5.9.1-1
python3-jupyterlab-pygments	0.2.2-3
python3-kiwisolver	1.4.7-3+b1
python3-libevdev	0.13.1-2
python3-lxml	5.4.0-1
python3-lz4	4.4.0+dfsg-2
python3-markupsafe	2.1.5-1+b4
python3-matplotlib	3.10.1+dfsg1-4
python3-matplotlib-inline	0.2.2-1
python3-minimal	3.13.5-1
python3-mistune	3.1.4-1
python3-more-itertools	11.1.0-3
python3-mpmath	1.4.1-4
python3-nbclient	0.11.0-2
python3-nbconvert	7.17.1-2
python3-nbformat	5.10.4-3
python3-nest-asyncio	1.6.0-2
python3-newt	0.52.25-1
python3-notebook	6.4.13-5
python3-numpy	1:2.2.4+ds-1
python3-numpy-dev	1:2.2.4+ds-1
python3-packaging	26.2-3
python3-pandas	2.2.3+dfsg-9
python3-pandas-lib	2.2.3+dfsg-9
python3-pandocfilters	1.5.1-1
python3-parso	0.8.7-1
python3-pexpect	4.9-5
python3-pil	11.1.0-5+b1
python3-pil.imagetk	11.1.0-5+b1
python3-pip-whl	26.1.2+dfsg-1
python3-pkg-resources	78.1.1-0.1
python3-platformdirs	4.3.7-1
python3-prometheus-client	0.21.1+ds1-1
python3-prompt-toolkit	3.0.53-2
python3-psutil	7.2.2-1
python3-ptyprocess	0.7.0-7
python3-pure-eval	0.2.3-2
python3-pygments	2.20.0+dfsg-2
python3-pyparsing	3.3.2-2
python3-pytz	2026.3.post1-2
python3-pyudev	0.24.4+tests-1
python3-referencing	0.37.0+~2025.1.1-3
python3-rfc3339-validator	0.1.4-2
python3-rfc3986-validator	0.1.1-2
python3-rpds-py	0.21.0-2+b1
python3-scipy	1.15.3-1
python3-send2trash	1.8.3-2
python3-setuptools	78.1.1-0.1
python3-setuptools-whl	84.0.0-2
python3-soupsieve	2.8.4-1
python3-stack-data	0.6.3-4
python3-sympy	1.14.0-5
python3-terminado	0.18.1-3
python3-tinycss2	1.5.1-5
python3-tk	3.14.7-3
python3-tornado	6.5.5-5
python3-traitlets	5.16.1-1
python3-typeguard	4.4.4-3
python3-typeshed	0.0~git20260204.516eed0-2
python3-typing-extensions	4.16.0-5
python3-ufolib2	0.18.1+dfsg1-2
python3-unicodedata2	15.1.0+ds-1+b5
python3-uritemplate	4.2.0-4
python3-venv	3.13.5-1
python3-wcwidth	0.8.3+dfsg1-1
python3-webcolors	25.10.0-4
python3-webencodings	0.5.1-6
python3-zipp	3.23.0-2
python3-zmq	26.4.0-1
python3-zopfli	0.4.3-2
python3.13	3.13.15-1
python3.13-minimal	3.13.15-1
python3.13-tk	3.13.15-1
python3.13-venv	3.13.15-1
python3.14	3.14.7-4
python3.14-minimal	3.14.7-4
python3.14-tk	3.14.7-4
python3.14-venv	3.14.7-4
qdbus-qt6	6.10.2-3
qml-module-qt-labs-folderlistmodel	5.15.15+dfsg-3
qml-module-qt-labs-platform	5.15.15+dfsg-2
qml-module-qt-labs-settings	5.15.15+dfsg-3
qml-module-qtgraphicaleffects	5.15.15-2
qml-module-qtmultimedia	5.15.15-2
qml-module-qtquick-controls2	5.15.15+dfsg-2
qml-module-qtquick-layouts	5.15.15+dfsg-3
qml-module-qtquick-templates2	5.15.15+dfsg-2
qml-module-qtquick-window2	5.15.15+dfsg-3
qml-module-qtquick2	5.15.15+dfsg-3
qml6-module-org-kde-activities	6.7.4-1
qml6-module-org-kde-analitza	4:25.04.0-1
qml6-module-org-kde-bluezqt	6.13.0-1
qml6-module-org-kde-breeze	6.3.5-1
qml6-module-org-kde-breeze-components	4:6.7.5-0+eqs1~pre1
qml6-module-org-kde-config	6.30.0-1
qml6-module-org-kde-coreaddons	6.30.0-1
qml6-module-org-kde-desktop	6.28.0-1
qml6-module-org-kde-draganddrop	6.28.0-1
qml6-module-org-kde-guiaddons	6.28.0-1
qml6-module-org-kde-iconthemes	6.28.0-1
qml6-module-org-kde-kcmutils	6.28.0-1
qml6-module-org-kde-kholidays	6.30.0-1
qml6-module-org-kde-ki18n	6.30.0-1
qml6-module-org-kde-kirigami	6.28.0-1
qml6-module-org-kde-kirigamiaddons-components	1.7.0-1
qml6-module-org-kde-kirigamiaddons-datetime	1.7.0-1
qml6-module-org-kde-kirigamiaddons-delegates	1.7.0-1
qml6-module-org-kde-kirigamiaddons-formcard	1.7.0-1
qml6-module-org-kde-kirigamiaddons-labs-components	1.7.0-1
qml6-module-org-kde-kirigamiaddons-settings	1.7.0-1
qml6-module-org-kde-kirigamiaddons-statefulapp	1.7.0-1
qml6-module-org-kde-kirigamiaddons-treeview	1.7.0-1
qml6-module-org-kde-kitemmodels	6.30.0-1
qml6-module-org-kde-kquickcontrols	6.28.0-1
qml6-module-org-kde-kquickcontrolsaddons	6.28.0-1
qml6-module-org-kde-ksvg	6.28.0-1
qml6-module-org-kde-ksysguard	4:6.7.4-1
qml6-module-org-kde-kwindowsystem	6.28.0-2
qml6-module-org-kde-layershell	6.7.4-1
qml6-module-org-kde-milou	4:6.7.4-1
qml6-module-org-kde-networkmanager	6.30.0-1
qml6-module-org-kde-newstuff	6.28.0-1
qml6-module-org-kde-notificationmanager	4:6.7.5-0+eqs1~pre1
qml6-module-org-kde-notifications	6.30.0-1
qml6-module-org-kde-people	6.30.0-1
qml6-module-org-kde-pipewire	6.7.4-1+b1
qml6-module-org-kde-plasma-clock	4:6.7.5-0+eqs1~pre1
qml6-module-org-kde-plasma-lookandfeel	4:6.7.5-0+eqs1~pre1
qml6-module-org-kde-plasma-plasma5support	4:6.7.4-1
qml6-module-org-kde-plasma-workspace	4:6.7.5-0+eqs1~pre1
qml6-module-org-kde-prison	6.30.0-1
qml6-module-org-kde-purpose	6.13.0-1
qml6-module-org-kde-quickcharts	6.13.0-1
qml6-module-org-kde-sonnet	6.30.0-1
qml6-module-org-kde-syntaxhighlighting	6.30.0-1
qml6-module-org-kde-taskmanager	4:6.7.5-0+eqs1~pre1
qml6-module-org-kde-userfeedback	6.30.0-1
qml6-module-qt-labs-animation	6.10.2+dfsg-6
qml6-module-qt-labs-folderlistmodel	6.10.2+dfsg-6
qml6-module-qt-labs-platform	6.10.2+dfsg-6
qml6-module-qt-labs-qmlmodels	6.10.2+dfsg-6
qml6-module-qt-labs-settings	6.10.2+dfsg-6
qml6-module-qt5compat-graphicaleffects	6.10.2-4
qml6-module-qtcharts	6.8.2-2
qml6-module-qtcore	6.10.2+dfsg-6
qml6-module-qtlocation	6.10.2-3
qml6-module-qtmultimedia	6.10.2-4
qml6-module-qtpositioning	6.10.2-3
qml6-module-qtqml	6.10.2+dfsg-6
qml6-module-qtqml-models	6.10.2+dfsg-6
qml6-module-qtqml-workerscript	6.10.2+dfsg-6
qml6-module-qtquick	6.10.2+dfsg-6
qml6-module-qtquick-controls	6.10.2+dfsg-6
qml6-module-qtquick-dialogs	6.10.2+dfsg-6
qml6-module-qtquick-effects	6.10.2+dfsg-6
qml6-module-qtquick-layouts	6.10.2+dfsg-6
qml6-module-qtquick-localstorage	6.10.2+dfsg-6
qml6-module-qtquick-shapes	6.10.2+dfsg-6
qml6-module-qtquick-templates	6.10.2+dfsg-6
qml6-module-qtquick-tooling	6.10.2+dfsg-6
qml6-module-qtquick-virtualkeyboard	6.10.2+dfsg-3
qml6-module-qtquick-window	6.10.2+dfsg-6
qml6-module-qtsensors	6.10.2-4
qml6-module-qtwebchannel	6.10.2-3
qml6-module-qtwebengine	6.10.2+dfsg-4
qml6-module-qtwebengine-controlsdelegates	6.10.2+dfsg-4
qml6-module-qtwebview	6.10.2-3
qml6-module-sso-onlineaccounts	0.7.1+git20231028.05e79eb-2
qmlkonsole	26.04.0-1
qt5-cameraplugin-aal	0.5.1.2+git20240914232829.8f90435.next.production
qt5-text-input-v3	5.15.3+z1+git20240815120825.eba9264.next.production
qt6-location-plugins	6.10.2-3
qt6-svg-plugins	6.10.2-9
qt6-text-input-v3	6.10+git20260410130352.4bdaf4f.next.production
qt6-translations-l10n	6.11.2-2
qt6-wayland	6.10.2-5
qtpaths6	6.10.2+dfsg-16
qtpaths6-bin	6.10.2+dfsg-16
qttranslations5-l10n	5.15.19-2
qtwayland5	5.15.15-3
readline-common	8.3-4
rfkill	2.42.4-1
rpcsvc-proto	1.4.4-1
rsync	3.5.1+ds1-1
runit-helper	2.16.7
runonce	5+git20241110162603.e0f704d.next.production
samba-libs	2:4.25.0+dfsg-1
sed	4.9-3
sensible-utils	0.0.26
sensorfw-qt6	0.14.8-1+droidian1+git20250414130959.feafda8.next.production
sgml-base	1.31+nmu1
shared-mime-info	2.4-5+b4
sound-theme-freedesktop	0.8-7
spacebar	1:6.3.4-1
sqv	1.5.0-1
ssl-cert	1.2.0
starship	1.26.0-3
sudo	1.9.17p2-8
systemd	257.7-1~git20250817224341.71c3e2c.next.upgrade.257
systemd-resolved	257.7-1~git20250817224341.71c3e2c.next.upgrade.257
systemd-sysv	257.7-1~git20250817224341.71c3e2c.next.upgrade.257
systemd-timesyncd	257.7-1~git20250817224341.71c3e2c.next.upgrade.257
sysvinit-utils	3.18-1
tar	1.35+dfsg-6
tcl	8.6.18
tcl8.6	8.6.18+dfsg-1
tex-common	6.20
texinfo	7.3-2
texinfo-lib	7.3-2+b1
timekeeper	20200103-3+upgrade12+git20210414225114.3c2c963.bookworm.production
tk	8.6.18
tk8.6	8.6.18-1
tk8.6-blt2.5	2.5.3+dfsg-10
tmux	3.7c-1
tpm-udev	4.1.3-7
tree	2.3.2-1
tzdata	2026c-1
ucf	3.0056
udev	257.7-1~git20250817224341.71c3e2c.next.upgrade.257
udev-config-hybris	1+upgrade12+git20210323234202.d5693b7.bookworm.production
udisks2	2.11.2-1
unicode-data	17.0.0-2
unzip	6.0-31
upower	1.91.4-1
usb.ids	2026.06.26-1
usbutils	1:019-1+b1
user-session-migration	0.5.2
util-linux	2.42.4-1
vim	2:9.2.0858-1
vim-common	2:9.2.0858-1
vim-runtime	2:9.2.0858-1
vlc	3.0.24-1
vlc-bin	3.0.24-1
vlc-data	3.0.24-1
vlc-plugin-base	3.0.24-1
vlc-plugin-qt	3.0.24-1
vlc-plugin-video-output	3.0.24-1
vulkan-tools	1.4.341.0+dfsg1-1
waydroid	1.5.4-1+git20250824231602.c5380c1.next.production
waydroid-sensors	0.2.0-2+git20230705033645.211ae23.trixie.production
waydroid-system-custom	2+git20231006194425.823b006.trixie.production
waydroid-vendor-33	13.0.0+lineage20250809+git20250824233201.fe6e10a.next.production
wayfire	0.9.0-1~git20250414195238.2584132.next.upgrade.0.9.0
wget	1.25.0-3
wireless-tools	30~pre9-23
wpasupplicant	2:2.10-25+b2
wxmaxima	26.08.0+ds-3
x11-common	1:7.7+26
x11-utils	7.7+7+b1
x11-xkb-utils	7.7+9+b1
x11-xserver-utils	7.7+11+b1
xdg-dbus-proxy	0.1.9-1
xdg-desktop-portal	1.22.1+ds-1
xdg-desktop-portal-kde	6.7.4-1
xdg-user-dirs	0.20-1
xdg-utils	1.2.1-2
xfonts-encodings	1:1.0.4-2.2
xfonts-utils	1:7.7+7+b1
xkb-data	2.48-1
xml-core	0.21
xserver-common	2:21.1.24-1
xwayland	2:24.1.13-1
xz-utils	5.8.4-1
zip	3.0-16
zlib1g	1:1.3.dfsg+really1.3.2-3
zoxide	0.10.0-1
